seed,gamma,gamma0,ratio,width,covers,true_auc,lo,hi
0,1.0,2.999294013367573,0.33341179475673055,0.0,False,0.6481424596994148,0.6516414286505295,0.6516414286505295
0,1.0894646580616199,2.999294013367573,0.36324036696835243,0.018430532152752255,True,0.6481424596994148,0.6423278250776917,0.660758357230444
0,1.1869332411653222,2.999294013367573,0.3957375421933534,0.036819527557521936,True,0.6481424596994148,0.6328394547885161,0.669658982346038
0,1.2931218177281478,2.999294013367573,0.43114206608782757,0.055125822324938456,True,0.6481424596994148,0.6231997383935216,0.6783255607184601
0,1.408810518983217,2.999294013367573,0.4697140436063554,0.07330943207152396,True,0.6481424596994148,0.6134328924468934,0.6867423245184173
0,1.5348492703376635,2.999294013367573,0.5117368499043388,0.09133004675321033,True,0.6481424596994148,0.6035657845429546,0.694895831296165
0,1.6721640354845493,2.999294013367573,0.5575192121985608,0.10915028870262389,True,0.6481424596994148,0.5936244655235233,0.7027747542261472
0,1.821763619142113,2.999294013367573,0.6073974778806889,0.12673394858095866,True,0.6481424596994148,0.5836364232958463,0.710370371876805
0,1.9847470783977608,2.999294013367573,0.6617380855467748,0.14404807483498028,True,0.6481424596994148,0.5736280897822126,0.7176761646171929
0,2.1623117971054153,2.999294013367573,0.720940257096568,0.1610582981268882,True,0.6481424596994148,0.5636287075786154,0.7246870057055036
0,2.355762282656058,2.999294013367573,0.7854389306805687,0.17773296269693062,True,0.6481424596994148,0.5536671407957197,0.7314001034926503
0,2.5665197497483434,2.999294013367573,0.8557079560421902,0.19404467306143425,True,0.6481424596994148,0.5437699430582399,0.7378146161196741
0,2.7961325615679726,2.999294013367573,0.9322635757301122,0.20996743189492872,True,0.6481424596994148,0.5339646359185007,0.7439320678134295
0,3.0462876050836125,2.999294013367573,1.0156682177561096,0.22547800961371411,True,0.6481424596994148,0.5242763532449403,0.7497543628586544
0,3.318822684029769,2.999294013367573,1.1065346275617152,0.24055831590201615,True,0.6481424596994148,0.5147273264947272,0.7552856423967433
0,3.6157400206236394,2.999294013367573,1.2055303696498656,0.2551907115583717,True,0.6481424596994148,0.5053403031624656,0.7605310147208373
0,3.9392209652084476,2.999294013367573,1.313382731953489,0.2693614956762455,True,0.6481424596994148,0.496135061392811,0.7654965570690565
0,4.291642021889985,2.999294013367573,1.430884068971744,0.2830592792307671,True,0.6481424596994148,0.4871302838319401,0.7701895630627072
0,4.675592307901251,2.999294013367573,1.5588976229281202,0.29627425269334096,True,0.6481424596994148,0.4783439143728837,0.7746181670662247
0,5.093892574963177,2.999294013367573,1.6983638657164566,0.3090025431173481,True,0.6481424596994148,0.4697885026889098,0.7787910458062579
0,5.5496159323848815,2.999294013367573,1.85030740822699,0.32124194136748024,True,0.6481424596994148,0.4614753210060886,0.7827172623735689
0,6.046110424149012,2.999294013367573,2.0158445278128996,0.3329885898947933,True,0.6481424596994148,0.4534177895124373,0.7864063794072306
0,6.5870236258483,2.999294013367573,2.1961913691990684,0.34424406361296456,True,0.6481424596994148,0.44562420878286213,0.7898682723958267
0,7.176329442178628,2.999294013367573,2.3926728790823435,0.35501137340062444,True,0.6481424596994148,0.4381014451300031,0.7931128185306275
0,7.818357301860673,2.999294013367573,2.6067325400627563,0.3652937357702568,True,0.6481424596994148,0.43085625016163953,0.7961499859318963
0,8.517823964475207,2.999294013367573,2.8399429754175687,0.3750991108760058,True,0.6481424596994148,0.42389068780005945,0.7989897986760652
0,9.27986817288605,2.999294013367573,3.0940175026278003,0.3844361887108133,True,0.6481424596994148,0.4172060737716574,0.8016422624824707
0,10.11008840583021,2.999294013367573,3.3708227205370633,0.3933128874729764,True,0.6481424596994148,0.4108042749499899,0.8041171624229663
0,11.01458400803056,2.999294013367573,3.672392222616252,0.40173942853375694,True,0.6481424596994148,0.4046846889882298,0.8064241175219867
0,12.0,2.999294013367573,4.000941537080767,0.4097292439722887,True,0.6481424596994148,0.39884326606717624,0.808572510039465
1,1.0,2.999974706559502,0.33333614373930587,0.0,False,0.6052017360750183,0.5966960924062146,0.5966960924062146
1,1.0894646580616199,2.999974706559502,0.3631579478585218,0.019633338135704004,True,0.6052017360750183,0.5868063182722829,0.6064396564079869
1,1.1869332411653222,2.999974706559502,0.395647749486044,0.039213242011281624,True,0.6052017360750183,0.5767978008004286,0.6160110428117103
1,1.2931218177281478,2.999974706559502,0.4310442401066623,0.05868719484863949,True,0.6052017360750183,0.5666990215657083,0.6253862164143478
1,1.408810518983217,2.999974706559502,0.46960746565723566,0.07800378227981508,True,0.6052017360750183,0.5565393257387283,0.6345431080185434
1,1.5348492703376635,2.999974706559502,0.5116207369954441,0.09711334074755185,True,0.6052017360750183,0.5463487869475562,0.643462127695108
1,1.6721640354845493,2.999974706559502,0.5573927112879754,0.11596836247027176,True,0.6052017360750183,0.5361572491196375,0.6521256115899092
1,1.821763619142113,2.999974706559502,0.6072596596093934,0.13452409279818334,True,0.6052017360750183,0.5259945420912826,0.6605186348894659
1,1.9847470783977608,2.999974706559502,0.6615879374109633,0.15273911899041925,True,0.6052017360750183,0.5158893136139695,0.6686284326043888
1,2.1623117971054153,2.999974706559502,0.7207766760091274,0.17057474689099206,True,0.6052017360750183,0.5058699261408314,0.6764446730318234
1,2.355762282656058,2.999974706559502,0.785260714867075,0.18799602035696267,True,0.6052017360750183,0.49596395078684014,0.6839599711438028
1,2.5665197497483434,2.999974706559502,0.8555137962118811,0.20497098684909426,True,0.6052017360750183,0.4861975583977333,0.6911685452468276
1,2.7961325615679726,2.999974706559502,0.9320520454569752,0.22147462249396138,True,0.6052017360750183,0.4765929605773305,0.6980675830712919
1,3.0462876050836125,2.999974706559502,1.015437762999417,0.2374830013796616,True,0.6052017360750183,0.4671728640808058,0.7046558654604674
1,3.318822684029769,2.999974706559502,1.106283555249016,0.2529768356819687,True,0.6052017360750183,0.45795686640487976,0.7109337020868485
1,3.6157400206236394,2.999974706559502,1.2052568352385622,0.26793989489638687,True,0.6052017360750183,0.4489631070147008,0.7169030019110877
1,3.9392209652084476,2.999974706559502,1.3130847258796101,0.28235968770519687,True,0.6052017360750183,0.44020830454796017,0.722567992253157
1,4.291642021889985,2.999974706559502,1.4305594018863652,0.29622820118876736,True,0.6052017360750183,0.4317065723525778,0.7279347735413452
1,4.675592307901251,2.999974706559502,1.558543909612964,0.3095408338685984,True,0.6052017360750183,0.4234691390846172,0.7330099729532156
1,5.093892574963177,2.999974706559502,1.6979785075605083,0.32229632654990764,True,0.6052017360750183,0.41550476455592195,0.7378010911058296
1,5.5496159323848815,2.999974706559502,1.8498875741353886,0.3344952987072778,True,0.6052017360750183,0.407821243200848,0.7423165419081258
1,6.046110424149012,2.999974706559502,2.01538713340785,0.34614078875390847,True,0.6052017360750183,0.40042481191658624,0.7465656006704947
1,6.5870236258483,2.999974706559502,2.1956930541599724,0.35723982629023737,True,0.6052017360750183,0.3933184283442594,0.7505582546344968
1,7.176329442178628,2.999974706559502,2.3921299824586675,0.3678002020225228,True,0.6052017360750183,0.3865045125281707,0.7543047145506935
1,7.818357301860673,2.999974706559502,2.606141073378281,0.3778321164822658,True,0.6052017360750183,0.37998341288845383,0.7578155293707196
1,8.517823964475207,2.999974706559502,2.8392985933684116,0.3873470100872631,True,0.6052017360750183,0.37375440654311815,0.7611014166303812
1,9.27986817288605,2.999974706559502,3.093315471158954,0.39635834722141433,True,0.6052017360750183,0.367814884146814,0.7641732313682283
1,10.11008840583021,2.999974706559502,3.370057882062908,0.40488033971664655,True,0.6052017360750183,0.36216122644067855,0.7670415661573251
1,11.01458400803056,2.999974706559502,3.6715589581295345,0.4129279909706968,True,0.6052017360750183,0.356788877088733,0.7697168680594298
1,12.0,2.999974706559502,4.00003372487167,0.42051730617845356,True,0.6052017360750183,0.35169229757206505,0.7722096037505186
2,1.0,3.247423721518188,0.307936409213792,0.0,False,0.6660162106390336,0.6867459226376799,0.6867459226376799
2,1.0894646580616199,3.247423721518188,0.33548583476882693,0.017945668570629292,False,0.6660162106390336,0.6776568622767526,0.6956025308473819
2,1.1869332411653222,3.247423721518188,0.3654999602609371,0.03585854650602249,False,0.6660162106390336,0.6683526987160537,0.7042112452220762
2,1.2931218177281478,3.247423721518188,0.3981992892272175,0.053705982350096604,True,0.6660162106390336,0.6588527829204472,0.7125587652705438
2,1.408810518983217,3.247423721518188,0.4338240524783106,0.07145557405022984,True,0.6660162106390336,0.6491784597326983,0.7206340337829281
2,1.5348492703376635,3.247423721518188,0.4726359729921888,0.08907563934467311,True,0.6660162106390336,0.6393524141637416,0.7284280535084147
2,1.6721640354845493,3.247423721518188,0.5149201887035559,0.10653465691429442,True,0.6660162106390336,0.629399443733472,0.7359341006477664
2,1.821763619142113,3.247423721518188,0.5609873473149444,0.12380208349652166,True,0.6660162106390336,0.6193453470239044,0.7431474305204261
2,1.9847470783977608,3.247423721518188,0.611175888519371,0.14084707631602855,True,0.6660162106390336,0.6092178691271775,0.750064945443206
2,2.1623117971054153,3.247423721518188,0.6658545304012632,0.1576418712120009,True,0.6660162106390336,0.5990437751262869,0.7566856463382878
2,2.355762282656058,3.247423721518188,0.7254249782823926,0.17415986543093986,True,0.6660162106390336,0.5888501636324186,0.7630100290633585
2,2.5665197497483434,3.247423721518188,0.7903248759137849,0.19037419538741773,True,0.6660162106390336,0.5786658297099181,0.7690400250973358
2,2.7961325615679726,3.247423721518188,0.8610310206950037,0.20625928101386737,True,0.6660162106390336,0.5685199347662028,0.7747792157800701
2,3.0462876050836125,3.247423721518188,0.9380628665419297,0.2217920629688167,True,0.6660162106390336,0.5584401498767152,0.7802322128455319
2,3.318822684029769,3.247423721518188,1.0219863401374065,0.2369511660809811,True,0.6660162106390336,0.5484536241704109,0.785404790251392
2,3.6157400206236394,3.247423721518188,1.1134179986014459,0.2517183200373908,True,0.6660162106390336,0.5385852732673734,0.7903035933047642
2,3.9392209652084476,3.247423721518188,1.2130295591259772,0.2660749694913477,True,0.6660162106390336,0.5288610954448615,0.7949360649362092
2,4.291642021889985,3.247423721518188,1.3215528338518203,0.2800050316247811,True,0.6660162106390336,0.5193052581054733,0.7993102897302544
2,4.675592307901251,3.247423721518188,1.4397851062427378,0.29349520987789945,True,0.6660162106390336,0.5099396707038335,0.803434880581733
2,5.093892574963177,3.247423721518188,1.5685949884549575,0.30653558546557147,True,0.6660162106390336,0.5007832790308712,0.8073188644964426
2,5.5496159323848815,3.247423721518188,1.7089288027342506,0.31911794204583105,True,0.6660162106390336,0.49185361480827167,0.8109715568541027
2,6.046110424149012,3.247423721518188,1.8618175337225236,0.33123625565549303,True,0.6660162106390336,0.48316621910145013,0.8144024747569432
2,6.5870236258483,3.247423721518188,2.028384402750138,0.34288535135568815,True,0.6660162106390336,0.4747359199413434,0.8176212712970315
2,7.176329442178628,3.247423721518188,2.2098531197597016,0.3540655619331615,True,0.6660162106390336,0.4665720319627461,0.8206375938959076
2,7.818357301860673,3.247423721518188,2.407556873485407,0.3647769406386825,True,0.6660162106390336,0.45868416252585387,0.8234611031645364
2,8.517823964475207,3.247423721518188,2.6229481259356815,0.37502023902249726,True,0.6660162106390336,0.45108112167875336,0.8261013607012506
2,9.27986817288605,3.247423721518188,2.8576092831358832,0.3847973966410627,True,0.6660162106390336,0.44377032465356436,0.8285677212946271
2,10.11008840583021,3.247423721518188,3.1132643205253454,0.39411286055177136,True,0.6660162106390336,0.43675654289794336,0.8308694034497147
2,11.01458400803056,3.247423721518188,3.391791448416588,0.40297439665211193,True,0.6660162106390336,0.4300410341792786,0.8330154308313905
2,12.0,3.247423721518188,3.695236910565504,0.4113908101521167,True,0.6660162106390336,0.42362375663014745,0.8350145667822642
