dataset,method,risk,auroc,accuracy,obs_auroc,worstcase_risk,minimax_regret,auroc_lo,auroc_hi,abstention_rate,risk_sd,auroc_sd,accuracy_sd,obs_auroc_sd,worstcase_risk_sd,minimax_regret_sd,auroc_lo_sd,auroc_hi_sd,abstention_rate_sd
lending_club,AIPW,0.28020960579912296,0.5759673635445579,0.9465507246376811,0.5724314320765033,0.3090099721284755,0.09707211343139152,0.5084661024401329,0.6558276391664245,,0.02411140903736317,0.02021779455069988,0.0037936703161382916,0.024169865619878897,0.014343558976690977,0.006410285042393635,0.012745933318230623,0.012045721348032773,
lending_club,DCL(G=1),0.20130526404819665,0.630894361663362,0.9477101449275362,0.6111026605094214,0.2244790749729208,0.0031487251992622124,0.5554827210062329,0.6904618700031443,0.0,0.010850086549367095,0.005162768887526872,0.003377775566830721,0.012058847008038753,0.012170959526990339,0.00019177748659615312,0.018308100933728977,0.015335701971814285,0.0
lending_club,DCL(G=1.5),0.19987025696584487,0.6388917412311071,0.9477101449275362,0.6193724836428202,0.22199459885926945,0.0037649568209866756,0.5552228499869032,0.690301026981121,0.0,0.009601027226896104,0.0032521626799630844,0.003377775566830721,0.012390297480591611,0.012022421680079448,0.00026239122897222145,0.018388692743826988,0.015314941924993867,0.0
lending_club,DCL(G=2),0.20010870778466883,0.6434344113723507,0.9477101449275362,0.6241601710167215,0.2213303497736586,0.007225261411187535,0.5547122715963498,0.6898377384755223,0.0,0.0085694781673947,0.0030444246231619457,0.003377775566830721,0.013289330592447907,0.011984882697992128,0.0004832370757880539,0.018466470864400873,0.01534218420580037,0.0
lending_club,DCL(G=3),0.203388791617846,0.6485965713717613,0.9477101449275362,0.6297239129223015,0.22313251556454458,0.015428902331409658,0.5536750292066348,0.6888713703406923,0.0,0.006966005764586616,0.0038735329685802037,0.003377775566830721,0.01471160789687425,0.012076692785494433,0.0009652885543630562,0.018568003489983765,0.01539235665956111,0.0
lending_club,DCL(G=5),0.21485226145814176,0.6534934545351792,0.9477101449275362,0.6351058536930823,0.23247991686958674,0.03351159133580972,0.5520248435255456,0.6873364429240059,0.00011594202898550724,0.005057212373601441,0.005305342365025695,0.003377775566830721,0.016490040752295564,0.012491152229892003,0.0018877885683578558,0.018660709676807923,0.015456137437646707,0.00025925425826084516
lending_club,DCL-dir(G=1),0.20130526404819665,0.630894361663362,0.9477101449275362,0.6111026605094214,0.2244790749729208,0.0031487251992622124,0.5554827210062329,0.6904618700031443,0.0,0.010850086549367095,0.005162768887526872,0.003377775566830721,0.012058847008038753,0.012170959526990339,0.00019177748659615312,0.018308100933728977,0.015335701971814285,0.0
lending_club,DCL-dir(G=1.5),0.19987025696584487,0.6388917412311071,0.9477101449275362,0.6193724836428202,0.22199459885926945,0.0037649568209866756,0.5552228499869032,0.690301026981121,0.0,0.009601027226896104,0.0032521626799630844,0.003377775566830721,0.012390297480591611,0.012022421680079448,0.00026239122897222145,0.018388692743826988,0.015314941924993867,0.0
lending_club,DCL-dir(G=2),0.20010870778466883,0.6434344113723507,0.9477101449275362,0.6241601710167215,0.2213303497736586,0.007225261411187535,0.5547122715963498,0.6898377384755223,0.0,0.0085694781673947,0.0030444246231619457,0.003377775566830721,0.013289330592447907,0.011984882697992128,0.0004832370757880539,0.018466470864400873,0.01534218420580037,0.0
lending_club,DCL-dir(G=3),0.203388791617846,0.6485965713717613,0.9477101449275362,0.6297239129223015,0.22313251556454458,0.015428902331409658,0.5536750292066348,0.6888713703406923,0.0,0.006966005764586616,0.0038735329685802037,0.003377775566830721,0.01471160789687425,0.012076692785494433,0.0009652885543630562,0.018568003489983765,0.01539235665956111,0.0
lending_club,DCL-dir(G=5),0.21485226145814176,0.6534934545351792,0.9477101449275362,0.6351058536930823,0.23247991686958674,0.03351159133580972,0.5520248435255456,0.6873364429240059,0.00011594202898550724,0.005057212373601441,0.005305342365025695,0.003377775566830721,0.016490040752295564,0.012491152229892003,0.0018877885683578558,0.018660709676807923,0.015456137437646707,0.00025925425826084516
lending_club,DCL-dir-reg(G=1),0.20130526404819665,0.630894361663362,0.9477101449275362,0.6111026605094214,0.2244790749729208,0.0031487251992622116,0.5554827210062329,0.6904618700031443,0.0,0.010850086549367095,0.005162768887526872,0.003377775566830721,0.012058847008038753,0.012170959526990339,0.00019177748659615312,0.018308100933728977,0.015335701971814285,0.0
lending_club,DCL-dir-reg(G=1.5),0.20034502585903063,0.6353974273043002,0.9477101449275362,0.6156153283138297,0.2229870779783018,0.0022774145462717737,0.5554238754953863,0.6904600420838136,0.0,0.010212094161475426,0.003921699299594289,0.003377775566830721,0.01209361262144574,0.012081631139055197,0.0001613075685650527,0.018340964328017045,0.015312315555681891,0.0
lending_club,DCL-dir-reg(G=2),0.19990245142618324,0.6384568641836106,0.9477101449275362,0.6189371102142779,0.22207482695566766,0.0035959875191195977,0.5552586774326794,0.6903232178740455,0.0,0.009664656389736107,0.0033225055651641597,0.003377775566830721,0.012292993840915529,0.012029484582519484,0.00024541728887257104,0.018381606041876834,0.015313976606569236,0.0
lending_club,DCL-dir-reg(G=3),0.19997586699207778,0.6425933676945813,0.9477101449275362,0.6233019516769851,0.22135331919500095,0.006510171431573885,0.554842345527886,0.6899407552901666,0.0,0.008764195554931556,0.0030525079538862546,0.003377775566830721,0.013102767947448203,0.011987613074668219,0.00041495415393472373,0.018450448703268445,0.015336536089472986,0.0
lending_club,DCL-dir-reg(G=5),0.20205011164095882,0.6471894222409281,0.9477101449275362,0.6282858649464138,0.2222299261216758,0.012650228070014691,0.5540082207259795,0.6891682147555054,0.0,0.0074712548804845005,0.0034711884454496377,0.003377775566830721,0.014287064693947275,0.012009637385734044,0.0007198302623160851,0.01854149395802403,0.015377885296255646,0.0
lending_club,DCL-reg(G=1),0.20130526404819665,0.630894361663362,0.9477101449275362,0.6111026605094214,0.2244790749729208,0.0031487251992622124,0.5554827210062329,0.6904618700031443,0.0,0.010850086549367095,0.005162768887526872,0.003377775566830721,0.012058847008038753,0.012170959526990339,0.00019177748659615312,0.018308100933728977,0.015335701971814285,0.0
lending_club,DCL-reg(G=1.5),0.20101293821607086,0.6320398945559526,0.9477101449275362,0.61238427665315,0.22404052736408375,0.0027101775904251487,0.5554939855009842,0.6904735476786854,0.0,0.010682570940861783,0.00487385356111595,0.003377775566830721,0.012041326954469607,0.012148434735218788,0.00016867374397052176,0.0183121662646104,0.015327899675764381,0.0
lending_club,DCL-reg(G=2),0.200548543850046,0.634050284201643,0.9477101449275362,0.6144308298071796,0.22329908844367652,0.0019687386701040957,0.5554821069450949,0.6904622942262362,0.0,0.010366914800661512,0.004300789523046089,0.003377775566830721,0.012059459693882732,0.012110318300239242,0.00012972023456937748,0.01832556397986854,0.015319185181456703,0.0
lending_club,DCL-reg(G=3),0.19993892802742422,0.637864491574431,0.9477101449275362,0.6184195217886517,0.22207382477301918,0.0036094552085863354,0.555332783501397,0.6903213356769673,0.0,0.00967384973510979,0.0033580281864309513,0.003377775566830721,0.01231135988478003,0.012045422716369977,0.0002127871193396233,0.018366716700038782,0.015316938412210957,0.0
lending_club,DCL-reg(G=5),0.20033067839357752,0.6433272556394557,0.9477101449275362,0.6241927929376149,0.22137938880805322,0.007833968758705519,0.5547634658803925,0.6897983732289745,0.0,0.008485567408842855,0.00297168570919318,0.003377775566830721,0.013404763741743445,0.01198709310653903,0.0003967404564150827,0.01845903869584992,0.015344884240591836,0.0
lending_club,ERM-observed,0.26235574408464735,0.606664330214185,0.9468985507246377,0.5882863318875814,0.29400419611677847,0.0751674394548218,0.5399010047213324,0.67724744040895,,0.023088296683975863,0.007442282142872368,0.004440557006034203,0.008270438769346232,0.010896980448367103,0.00244808018986424,0.01558977073468954,0.013672076254436914,
lending_club,Heckman(rho=+0.02),0.1992729864305262,0.644707562979039,0.9481159420289855,0.6452927287037598,0.24213170466686224,0.02103286753223201,0.5251696709960239,0.6646612824644094,,,,,,,,,,
lending_club,Heckman(rho=-0.10),0.20259049454644942,0.699061702434901,0.9434782608695652,0.6963311646595727,0.2443241428663191,0.024918562747282835,0.4975946839322609,0.6405380848757795,,,,,,,,,,
lending_club,Heckman(rho=-0.16),0.19521492737210014,0.6626588102228336,0.9489855072463768,0.6653309409888357,0.2509826566154556,0.030567472281737656,0.5121789626761449,0.6557805633806537,,,,,,,,,,
lending_club,Heckman(rho=-0.23),0.2125530205674648,0.6746616693260112,0.9420289855072463,0.6788151788151788,0.22552436610626034,0.03127421142702868,0.5094915796890694,0.6504572818626285,,,,,,,,,,
lending_club,Heckman(rho=-0.27),0.20747605308317013,0.6577029558896618,0.9452173913043478,0.63727164022585,0.22887204393225274,0.03253564628729362,0.5220537423599921,0.6629910090609904,,,,,,,,,,
lending_club,IPW,0.2696883882940768,0.5975801424356485,0.9462608695652174,0.5756999067525305,0.300698666779241,0.08158471701975582,0.5350215571974201,0.6737656556327049,,0.027244282581511303,0.019113144494524316,0.0040919899110912015,0.010425886308792957,0.008167304358545213,0.004083762304598002,0.014847297562995557,0.01315787243509475,
lending_club,Imputation,0.24018048772315126,0.5868910895779619,0.9477101449275362,0.576178286434532,0.26506749290456166,0.049342764780230856,0.5233499704689942,0.665097056266252,,0.019278406733442832,0.02086534314651367,0.003377775566830721,0.03406203263698545,0.012182840812496263,0.001772717540753717,0.014891501395522063,0.01329177252517067,
lending_club,Manski(G=inf),0.5482356445462626,0.6591509388244139,0.9477101449275362,0.647880586877196,0.5537764759539165,0.3998231504882748,0.5089296961570773,0.6469217542784615,,0.0029723419709854035,0.016413249526132486,0.003377775566830721,0.025502559813914364,0.0028162429837507007,0.009736581888465745,0.012327497805340364,0.010056599227286429,
lending_club,ORACLE(uncensored),0.22614207332347772,0.605362286992557,0.947072463768116,0.5955902964665052,0.257522143341235,0.04020260711555262,0.5174047936848876,0.6568676206752306,,0.013440770796441905,0.013105045347940757,0.003270356569870917,0.029617052230549945,0.01575890240470618,0.004310835922034817,0.012534992418920777,0.01107270834857957,
mimic_sim,AIPW,0.31657473435778727,0.7633309660835752,0.9081904761904761,0.7343970125332584,0.3841702148848437,0.11279154119928991,0.630486326866813,0.8204517281656001,,0.012990692983589073,0.01272963740465146,0.001004524909987122,0.038601847998110214,0.02604592872535839,0.010527872254742372,0.0190891198968493,0.014898914898397966,
mimic_sim,DCL(G=1),0.24559733188588231,0.8335181773114206,0.9092380952380953,0.823981000610328,0.297702927396498,0.012294339048182725,0.7052949286470745,0.8550508378219247,0.0,0.007365459342260549,0.014940906352682904,0.0016530052340675843,0.02900531340023819,0.018329331832635926,0.0007027994851094535,0.01852577549618475,0.012546960562727003,0.0
mimic_sim,DCL(G=1.5),0.24115689967085313,0.8358598751225099,0.9086190476190475,0.8267123426224018,0.2898120105955936,0.011938485513054962,0.7053783445800721,0.8549243543590986,0.006666666666666666,0.006240345209106877,0.014697054044471093,0.0017284468012268308,0.028494415159687845,0.01788915860288825,0.000819373600993395,0.018573289037018367,0.012516023699119881,0.0017086547731437287
mimic_sim,DCL(G=2),0.240551407950788,0.8372442186681974,0.908047619047619,0.8284310684653201,0.2865049548559651,0.01963524269056782,0.7052793341324131,0.8547302688647049,0.012,0.005306009451201944,0.014509639113854205,0.0018007305143989583,0.028094325669245416,0.017692227427029254,0.0014058333034536344,0.018602631298878573,0.012505590137663468,0.0036014610287979113
mimic_sim,DCL(G=3),0.2444846879846124,0.8387561965174871,0.908047619047619,0.8304473492538007,0.2862653803106421,0.03487852183608505,0.7049130780290636,0.8543012496369154,0.02338095238095238,0.00415005086406369,0.01429051577619911,0.001959047850545161,0.02768246959757353,0.01767355477775022,0.0024534597939346986,0.018648971521990017,0.01250161823999988,0.003588846415507956
mimic_sim,DCL(G=5),0.2589466900689753,0.8401706297953535,0.908,0.8326938008744346,0.29494585240699683,0.0621201403226098,0.7039854057962547,0.8533399104178832,0.042333333333333334,0.004353746946803743,0.0139124736742924,0.002031498000733502,0.027220928147768872,0.018060344622416433,0.003917295677747501,0.01865551553288369,0.012462675440186163,0.007302579297692903
mimic_sim,DCL-dir(G=1),0.24559733188588231,0.8335181773114206,0.9092380952380953,0.823981000610328,0.297702927396498,0.012294339048182725,0.7052949286470745,0.8550508378219247,0.0,0.007365459342260549,0.014940906352682904,0.0016530052340675843,0.02900531340023819,0.018329331832635926,0.0007027994851094535,0.01852577549618475,0.012546960562727003,0.0
mimic_sim,DCL-dir(G=1.5),0.24107707074183454,0.8358589065880858,0.9092380952380953,0.8267098555032047,0.2899227484138144,0.011838296348328439,0.7053842636221059,0.8549293593279514,0.004238095238095238,0.0061928247739111,0.014694302676853722,0.0016530052340675843,0.028494140892961296,0.017845336179614344,0.0008562408178401819,0.01857490977002031,0.012517448200983808,0.0007022800573215538
mimic_sim,DCL-dir(G=2),0.24045969534567618,0.8372565118272168,0.9092380952380953,0.8284238463267458,0.286633478519426,0.019480509338738246,0.7053079896004911,0.8547547431506842,0.008619047619047618,0.005253093999526386,0.01450364911514547,0.0016530052340675843,0.02809316231180091,0.01764007837522052,0.00147560203629563,0.018611259018941124,0.012513956431401034,0.0018853174185551572
mimic_sim,DCL-dir(G=3),0.24439990069106962,0.8388041130017039,0.9092380952380953,0.8304337835956241,0.28639515772600915,0.03468236823276229,0.7050008627753147,0.854378915820479,0.019714285714285715,0.00409706505410173,0.014285118930219004,0.0016530052340675843,0.02768131044168865,0.0176207789710948,0.0025610547247569794,0.018666804500722216,0.01252120818159878,0.0034601718332542782
mimic_sim,DCL-dir(G=5),0.2588776542521548,0.8402918574246294,0.9092380952380953,0.8326686209311361,0.29507179459281435,0.06190610527669156,0.7042268233672309,0.853562131690677,0.03833333333333334,0.004307930754290787,0.013909194700632078,0.0016530052340675843,0.02721881605759198,0.018010451057202663,0.004046547384912054,0.01871418705999753,0.012524345324693693,0.008095238095238095
mimic_sim,DCL-dir-reg(G=1),0.24559733188588231,0.8335181773114206,0.9092380952380953,0.823981000610328,0.297702927396498,0.012294339048182725,0.7052949286470745,0.8550508378219247,0.0,0.007365459342260549,0.014940906352682904,0.0016530052340675843,0.02900531340023819,0.018329331832635926,0.0007027994851094537,0.01852577549618475,0.012546960562727003,0.0
mimic_sim,DCL-dir-reg(G=1.5),0.24272603920679878,0.8347968797943206,0.910047619047619,0.8254727617833828,0.29336307675137585,0.009012011568716796,0.7053737363823605,0.8550059643562479,0.0,0.006745181227589954,0.014813834015982035,0.0013615217576662746,0.02871391031701618,0.018015274893930844,0.0005128002783524464,0.01855179767967899,0.012527101658013845,0.0
mimic_sim,DCL-dir-reg(G=2),0.24124000670035595,0.8357096293934276,0.9103809523809524,0.826557470388626,0.2906476180714376,0.011394624943265349,0.7053925151916659,0.8549398744382876,0.0,0.006208276339171855,0.01471325058972881,0.0014345114601325775,0.028531739512572016,0.01780088968044274,0.0007127179612838201,0.018571340707951214,0.012518837335438217,0.0
mimic_sim,DCL-dir-reg(G=3),0.24040226177935545,0.8369427514943215,0.9107619047619048,0.8280791033212905,0.2878292884556578,0.017535854460677347,0.7053517467953228,0.8548015467445029,0.0,0.005345216583391992,0.014540677748911013,0.0009434101312456436,0.02815607212247378,0.017561333993229608,0.001070581120653561,0.018603274991350355,0.012516721715422178,0.0
mimic_sim,DCL-dir-reg(G=5),0.24221105343703625,0.8383876111777895,0.9113809523809524,0.8298704483240783,0.2868090936574963,0.02816988822881042,0.7051760680319397,0.854552084362474,0.0,0.004246341098297319,0.014308457119587042,0.0008812740725391515,0.027732227170729724,0.01736993234982809,0.0016259570799776698,0.01865215732131683,0.012525455698752968,0.0
mimic_sim,DCL-reg(G=1),0.24559733188588231,0.8335181773114206,0.9092380952380953,0.823981000610328,0.297702927396498,0.012294339048182725,0.7052949286470745,0.8550508378219247,0.0,0.007365459342260549,0.014940906352682904,0.0016530052340675843,0.02900531340023819,0.018329331832635926,0.0007027994851094535,0.01852577549618475,0.012546960562727003,0.0
mimic_sim,DCL-reg(G=1.5),0.24504167257902948,0.8337877208436965,0.9092380952380953,0.8243130258701177,0.2967070770126237,0.011298488664308487,0.7053290880235217,0.8550384362227023,0.0,0.007200983108192438,0.01489817464809535,0.0016530052340675843,0.028904212574710344,0.018279147048141653,0.0006521858052752214,0.018530253293136335,0.012543425658960139,0.0
mimic_sim,DCL-reg(G=2),0.24412876024182503,0.8342923512446747,0.9092380952380953,0.8249629793956921,0.29496899987508474,0.009560411526769423,0.7053786413786478,0.8550116689400411,0.0,0.006891792509555297,0.014817210755586898,0.0016530052340675843,0.02876194899932256,0.018191989741568913,0.0005650385269973779,0.018537717595036612,0.012537759074887769,0.0
mimic_sim,DCL-reg(G=3),0.2427208051428819,0.8352846537125458,0.9092380952380953,0.8262187930003663,0.2917645679664743,0.009331439949535678,0.705438362629755,0.8549354660746851,0.0,0.006219043700428074,0.014685906119873892,0.0016530052340675843,0.028490640987017174,0.018031250342789518,0.0005553063709346709,0.018555647213000865,0.012527290139493347,0.0
mimic_sim,DCL-reg(G=5),0.24216179507884233,0.8368806213003419,0.9092380952380953,0.8281622242843489,0.2881379104684569,0.015560030250257794,0.7054072220237837,0.8547567703383357,0.0,0.005103295167659648,0.014434838391973738,0.0016530052340675843,0.02795808324950427,0.017835063959562598,0.0008368654693591869,0.018590890525774246,0.012520823105033505,0.0
mimic_sim,ERM-observed,0.3021996669972537,0.816058859017535,0.9087142857142858,0.8096242677378598,0.38992192044772594,0.11171098282491185,0.68952698582751,0.8454409495449363,,0.022162765906700226,0.01535612026644077,0.0012997470537101066,0.02790417664728015,0.014251140757291045,0.0026786432354482617,0.01836022381533247,0.01304467653717739,
mimic_sim,Heckman(rho=+0.31),0.2436270407754353,0.8530831139293172,0.9097619047619048,0.8404209601000558,0.3316820781650659,0.049209493885876546,0.6855377068717858,0.8415658934542721,,0.018639014131859,0.020310399306865342,0.0003367175148507671,0.03072410447518793,0.025433751544591588,0.0029786005370202886,0.004522789719227966,0.00250161270316017,
mimic_sim,Heckman(rho=+0.33),0.2441009129570793,0.8645805162211574,0.9080952380952381,0.8730500571983222,0.32656266676185614,0.05442328012451302,0.6856456155275328,0.8415250683104006,,,,,,,,,,
mimic_sim,Heckman(rho=+0.62),0.27046168323116815,0.8625730316315304,0.9054761904761904,0.8614401019541206,0.339531880733596,0.06723728178227882,0.6841227063233153,0.8432834934167157,,,,,,,,,,
mimic_sim,Heckman(rho=-0.19),0.21994846249162736,0.8663325236001352,0.9204761904761904,0.8791393272584784,0.3327597286452296,0.05404047427236958,0.645432666502982,0.8136551654116666,,,,,,,,,,
mimic_sim,IPW,0.31199150098281636,0.8097680345218816,0.9082857142857141,0.7972175255858884,0.40013393070152914,0.12158082411189661,0.6836149660383497,0.8425406368036723,,0.023561785415941304,0.015772302693241407,0.000741543404876044,0.02886643121067355,0.013407746340643747,0.004344401997171823,0.01914320699275947,0.013776622016349504,
mimic_sim,Imputation,0.26117306134437895,0.8106723566099416,0.9095238095238095,0.791020980994182,0.322952157068794,0.04488004332738668,0.675149181426692,0.8409139317931216,,0.013310346695861347,0.01718088305625691,0.001190476190476193,0.04636166132666368,0.019467832808648115,0.002100835128311483,0.017010531110047765,0.012361539120899788,
mimic_sim,Manski(G=inf),0.5611312538402187,0.7590829515672797,0.908047619047619,0.7897048774228621,0.566792397624108,0.39191330013683706,0.6320241248410896,0.7531172700405125,,0.0072234688172165456,0.00791024289137284,0.0020160917266682492,0.01588945708959468,0.00803672793710964,0.006692646943891452,0.01164818549419941,0.004822803389990818,
mimic_sim,ORACLE(uncensored),0.2496436975476362,0.8347558661986652,0.9074761904761905,0.8282940676579058,0.34067002251317285,0.07243564424003932,0.6730009997205464,0.8341585897013859,,0.007655673422075304,0.0068527575219557305,0.005185340403680442,0.022208885350383935,0.022023362243778582,0.004549835572964272,0.01903195403531782,0.012659355675458573,
sl_bench,AIPW,0.5427661761789062,0.6632056670073811,0.7416071428571429,0.6622924678300178,0.7418677193396946,0.09108838100006066,0.4696752960983715,0.7136604454465432,,0.007201843782438573,0.02048143473918396,0.004328285586978873,0.026201325687422356,0.018324169540198363,0.00249898092893795,0.03234063687179961,0.02853101575077448,
sl_bench,DCL(G=1),0.5443650567913348,0.6598394486022079,0.7511785714285714,0.6571434193499996,0.7068429572438061,0.042074844983153656,0.4825639671354919,0.7248990625486109,0.0,0.012796321288423838,0.024372127699984206,0.003413004092991298,0.03325127564233488,0.017168162577161954,0.003576052261394466,0.03395052341135018,0.029198710256833814,0.0
sl_bench,DCL(G=1.5),0.5625678004774373,0.6533489692821941,0.7521071428571429,0.6560127377536108,0.683183957120741,0.04679341221627202,0.48206238144624447,0.7238166150012424,0.059571428571428574,0.016483558050086545,0.02787749156443999,0.004260341559556209,0.03503170667444018,0.016340699125351996,0.0027242658657734508,0.034086235977454575,0.029502708050057634,0.029113331944983136
sl_bench,DCL(G=2),0.5809108208509988,0.6458005044997099,0.75225,0.6527571612847207,0.6730110112924357,0.0679643380582918,0.47984694536848516,0.7212647142482769,0.12039285714285715,0.01984705874796778,0.031309615946185504,0.0047339955941798914,0.0365795273144111,0.0155767218767042,0.004221382633719064,0.03435471622420091,0.0298444484251807,0.04777601732702982
sl_bench,DCL(G=3),0.610669159402182,0.6289123397914819,0.75125,0.643208151134429,0.6677959990788701,0.09992238591787264,0.47319495526713196,0.7135618929306694,0.26,0.024792051486572847,0.03687052281505461,0.004779913862258639,0.03994316210843445,0.015077128014655354,0.007821242368179684,0.03502507437406835,0.030217138638688225,0.03661824744466025
sl_bench,DCL(G=5),0.6431495053333396,0.5973005525642114,0.7505357142857143,0.6204094867987202,0.6712234325278044,0.1329590368014187,0.4591873568096495,0.6897449161425857,0.49771428571428566,0.027067804728441103,0.04506686718499717,0.004101315742091366,0.04615324530680208,0.015082078689980322,0.009231486068789294,0.036443692090249176,0.035001418132041204,0.06963363034116343
sl_bench,DCL-dir(G=1),0.5443650567913348,0.6598394486022079,0.7511785714285714,0.6571434193499996,0.7068429572438061,0.042074844983153656,0.48256396629970233,0.7248990630309644,0.0,0.012796321288423838,0.024372127699984206,0.003413004092991298,0.03325127564233488,0.017168162577161954,0.0035760522613944644,0.03395052436604446,0.02919870999928101,0.0
sl_bench,DCL-dir(G=1.5),0.5441065707178895,0.6598625728483611,0.7521071428571429,0.6571188028435675,0.706094707494531,0.04254528222775829,0.4825679467521547,0.7248769154772308,0.018714285714285718,0.013191419339602566,0.024404832530807906,0.004260341559556209,0.03325822455589608,0.01795685639759159,0.0036652225081309693,0.03395287176282768,0.029180435559666103,0.011581978215648443
sl_bench,DCL-dir(G=2),0.5440926500905191,0.6598813698382642,0.75225,0.6571446782085898,0.7059164017773976,0.04293427033823877,0.48254941966699005,0.7248573604433586,0.02521428571428571,0.013261232513230064,0.024432275515274236,0.0047339955941798914,0.03327479301124538,0.018165813436018818,0.0038513600761115167,0.03393246560190198,0.029154593335476053,0.0174349190724025
sl_bench,DCL-dir(G=3),0.5441896831783486,0.659822422066369,0.75125,0.6570695193056139,0.7058563762085651,0.04325874837759157,0.48251322512094086,0.7248301649957345,0.030428571428571426,0.013164924216822242,0.024371154915568564,0.004779913862258639,0.03322937493982667,0.018236858627100828,0.004034061414155863,0.03389117868966775,0.02911734706255767,0.02218192118710686
sl_bench,DCL-dir(G=5),0.5442803727204988,0.6597853299353051,0.7505357142857143,0.657063521659084,0.7058751193770785,0.04347328213889,0.4824757802566871,0.7248060412060104,0.03342857142857143,0.013041240517830958,0.02434219938810878,0.004101315742091366,0.033215680291741025,0.01821883901691534,0.004160590704568635,0.03385027802987717,0.029086761729164082,0.024205948311798682
sl_bench,DCL-dir-reg(G=1),0.5443650567913348,0.6598394486022079,0.7511785714285714,0.6571434193499996,0.7068429572438061,0.042074844983153656,0.48256396629970233,0.7248990630309644,0.0,0.012796321288423838,0.024372127699984206,0.003413004092991298,0.03325127564233488,0.017168162577161954,0.0035760522613944644,0.03395052436604446,0.02919870999928101,0.0
sl_bench,DCL-dir-reg(G=1.5),0.5387107391408517,0.6615494077710881,0.7518214285714285,0.6565436545850292,0.7203817928826626,0.056204766820860064,0.481992007297952,0.724618761066138,0.0,0.0118394560345584,0.023370440186087277,0.00426595145738145,0.032633798784295086,0.018411127775546,0.004205239899954389,0.034086463646105535,0.029270254130980666,0.0
sl_bench,DCL-dir-reg(G=2),0.536222252752812,0.6622299728700584,0.7519642857142858,0.6558233630596886,0.730044609392343,0.06634305351349047,0.4813610251433653,0.7241623033820386,0.0,0.011274556694078681,0.02293960042705871,0.004042582650954196,0.032263561335989434,0.019071165568212034,0.0046886068664247615,0.034228386542809935,0.029369032912549175,0.0
sl_bench,DCL-dir-reg(G=3),0.534311059242443,0.6625397901540351,0.7519642857142858,0.6544711807059408,0.7427908053408497,0.07956984009421328,0.48027767015471295,0.7232901494671858,0.0,0.010616212482397629,0.0224958093473121,0.00415921953530431,0.031721453842982535,0.019673184095217216,0.00531294889419358,0.03444527245719822,0.029528986903791462,0.0
sl_bench,DCL-dir-reg(G=5),0.5335795402951262,0.6621783257374327,0.7523214285714286,0.6525592678180911,0.7563158218250003,0.0934649637618275,0.4788480975795717,0.7220384275561083,0.0,0.00997650372666907,0.022170995878912938,0.004829688691535195,0.031164830195929923,0.019962486812894795,0.005984497414136302,0.03471181258080561,0.0297054998859469,0.0
sl_bench,DCL-reg(G=1),0.5443650567913348,0.6598394486022079,0.7511785714285714,0.6571434193499996,0.7068429572438061,0.042074844983153656,0.4825639671354919,0.7248990625486109,0.0,0.012796321288423838,0.024372127699984206,0.003413004092991298,0.03325127564233488,0.017168162577161954,0.003576052261394466,0.03395052341135018,0.029198710256833814,0.0
sl_bench,DCL-reg(G=1.5),0.5452857312393903,0.6596325716580236,0.7511785714285714,0.6572107126784654,0.7051607726293077,0.0403926603686552,0.48267348412659805,0.7248383660536942,0.0,0.01294896703836917,0.02450156364301106,0.003413004092991298,0.033326495445379224,0.017123602914985298,0.003514887557806059,0.03394963044700741,0.029204882384175998,0.0
sl_bench,DCL-reg(G=2),0.5470509126503659,0.6592044169001133,0.7511785714285714,0.6572823074250731,0.7022002818716379,0.03743216961098539,0.4828615461928484,0.7247051843383763,0.0,0.013225734810819017,0.024737589096829007,0.003413004092991298,0.033496391215776536,0.01704723842186385,0.0034056297976428804,0.03394817891410872,0.02923020090151663,0.0
sl_bench,DCL-reg(G=3),0.5510284871096932,0.6580840762540643,0.7511785714285714,0.6573133186717597,0.6965529309299544,0.03178624770159559,0.48318995433280243,0.724337690783542,0.0,0.013782283435597812,0.02536958749492776,0.003413004092991298,0.03379434709534701,0.016906153725927724,0.0031885823014649265,0.03394770985261323,0.029326962473167253,0.0
sl_bench,DCL-reg(G=5),0.5580279062130866,0.6557349481073814,0.7511785714285714,0.6570092847462462,0.6890584474448559,0.03869697411669034,0.4834781821059881,0.723476268065232,0.0,0.014576074915457473,0.026717955035322424,0.003413004092991298,0.03432585058516159,0.016711800650254603,0.0021166437841273413,0.033960706013904565,0.029608763222764924,0.0
sl_bench,ERM-observed,0.5622481666276107,0.6484079296948122,0.7231785714285714,0.6464210576221896,0.7890942101461426,0.14210969764460266,0.474507117072145,0.7181186426265589,,0.006438431435409818,0.02228567550617082,0.003987784280698725,0.0328303115992343,0.020106960067376816,0.008298405396406212,0.03357245574649056,0.0289367692472744,
sl_bench,Heckman(rho=+0.25),0.5083253077050073,0.7065459014778748,0.7623214285714286,0.7266130111526544,0.7421951531784863,0.11154836303557825,0.505255339697884,0.7514908510133127,,,,,,,,,,
sl_bench,Heckman(rho=+0.31),0.5091199077093655,0.7147560462410576,0.7594642857142857,0.6937539732994278,0.8178489138649536,0.15574532654682055,0.4875673038233774,0.7202063145052214,,,,,,,,,,
sl_bench,Heckman(rho=+0.36),0.5357022829391235,0.661648188955616,0.7501785714285715,0.6450654577188853,0.8416864739123717,0.16563951355174927,0.4271003218031906,0.6712195179560483,,,,,,,,,,
sl_bench,Heckman(rho=+0.40),0.5200052672828729,0.6869488095238094,0.7555357142857143,0.6575364173828244,0.8630912982844452,0.18524602859423323,0.435491445222617,0.6967810348552531,,,,,,,,,,
sl_bench,Heckman(rho=-0.00),0.5256437676534712,0.6872434355244609,0.7566071428571428,0.6929734880384634,0.7279509010497239,0.09294247933755642,0.4743412149338742,0.7095933010749066,,,,,,,,,,
sl_bench,IPW,0.5641193697819844,0.6489954296274092,0.7201428571428572,0.6460318748424769,0.8009101324428212,0.1544270402121623,0.47169118365256024,0.7181976166722436,,0.008937381332607845,0.02384491072963475,0.004548141019657801,0.033577450476888995,0.02124170318592706,0.00630533717858919,0.03326964902134841,0.02840151785534005,
sl_bench,Imputation,0.5398723266078603,0.6672380746822117,0.7498214285714286,0.6643444977997266,0.7175618567579186,0.06213102627439957,0.47675195853611,0.7146266364993361,,0.01214445509682655,0.022695147671923623,0.005433972876679619,0.03257237383407862,0.018510846818249632,0.0033770307435469437,0.03318881423269063,0.030914572482310002,
sl_bench,Manski(G=inf),0.6848029467281259,0.5212133506519995,0.7496428571428572,0.5390162678662234,0.6876061310974263,0.1731089510975759,0.4866883626229477,0.5462788251119982,,0.009587832811040899,0.028681288950169456,0.003476414702487827,0.04126881615933703,0.006579015292780804,0.010514323261587967,0.013268371738540308,0.043344026576014084,
sl_bench,ORACLE(uncensored),0.5257372263498848,0.6734314226048216,0.7550714285714286,0.662690789516937,0.7948782874581928,0.1349254876802918,0.4660985143145995,0.7112435671771726,,0.010228300603558354,0.02199013426666603,0.005715122706558498,0.03225187719304722,0.03770039100391323,0.01974963647668103,0.032407592358833066,0.028659367972192602,
