method,risk,auroc,accuracy,balanced_accuracy,brier,obs_risk,obs_auroc,obs_accuracy,obs_balanced_accuracy,obs_brier,auroc_lo,auroc_hi,auroc_width,worstcase_risk,minimax_regret,dataset,seed,gamma0,selection_rate,true_prevalence,abstention_rate,gamma,criterion,direction
ERM-observed,0.5552539330990186,0.652568512499162,0.7291071428571428,0.5764387028984874,0.18564205248057083,0.592843855648475,0.6654862764174401,0.7052780729720156,0.5813527001353336,0.19995589202570893,0.4812625146698206,0.7177819062420786,0.236519391572258,0.7756811787371675,0.13635917090548075,sl_bench,0,2.999294013367573,0.5029375,0.246,,,,
IPW,0.5575396686835014,0.6554112224544423,0.7246428571428571,0.5751752667258905,0.18636947034354176,0.5978471911113612,0.6601748147554867,0.6964222458377612,0.5749555660514032,0.202347911506606,0.4744270528249925,0.718201466371942,0.24377441354694956,0.7941115326444217,0.1565144234915293,sl_bench,0,2.999294013367573,0.5029375,0.246,,,,
AIPW,0.540135570820641,0.6648184508148078,0.7478571428571429,0.5568169055767286,0.178565757459773,0.5757154261762889,0.6754110361089877,0.710237336167198,0.5590565162135327,0.19514447576362629,0.47086091780152217,0.7111395158019933,0.24027859800047113,0.732841875985651,0.09056135974180744,sl_bench,0,2.999294013367573,0.5029375,0.246,,,,
Imputation,0.5313103016912905,0.6725499566109081,0.7578571428571429,0.5498506458467611,0.17529971966586105,0.5709151487510555,0.6831791739349103,0.71413390010627,0.556439948504911,0.1932216076908939,0.48504846953154196,0.713742023852009,0.22869355432046706,0.7100847935381565,0.06170774380997287,sl_bench,0,2.999294013367573,0.5029375,0.246,,,,
Heckman(rho=-0.00),0.5256437676534712,0.6872434355244609,0.7566071428571428,0.5832787647560206,0.1740448020814331,0.5628974747450852,0.6929734880384634,0.726532058094226,0.5880796289338326,0.18967504010768255,0.4743412149338742,0.7095933010749066,0.23525208614103238,0.7279509010497239,0.09294247933755642,sl_bench,0,2.999294013367573,0.5029375,0.246,,,,
DCL(G=1),0.5366900149165015,0.6654108606643461,0.75625,0.5235151560044039,0.17716210427014906,0.5777715185475745,0.6772876269267961,0.704215373715905,0.5265914656194899,0.19610472142887242,0.4887771759250431,0.7253405157268823,0.2365633398018392,0.6984363292926656,0.04165995254017189,sl_bench,0,2.999294013367573,0.5029375,0.246,0.0,1.0,risk,two-sided
DCL-reg(G=1),0.5366900149165015,0.6654108606643461,0.75625,0.5235151560044039,0.17716210427014906,0.5777715185475745,0.6772876269267961,0.704215373715905,0.5265914656194899,0.19610472142887242,0.4887771759250431,0.7253405157268823,0.2365633398018392,0.6984363292926656,0.04165995254017189,sl_bench,0,2.999294013367573,0.5029375,0.246,0.0,1.0,regret,two-sided
DCL(G=1.5),0.5545858334519502,0.6561404609754513,0.7580357142857143,0.5140103643432027,0.18464719833499532,0.5812383771814408,0.6755026130341938,0.7027984413744244,0.5188586629415569,0.19730013474808292,0.48831204758161734,0.7233035800109189,0.23499153242930154,0.6746590428354646,0.04725425181117038,sl_bench,0,2.999294013367573,0.5029375,0.246,0.06571428571428571,1.5,risk,two-sided
DCL-reg(G=1.5),0.537606958749712,0.6650650167666562,0.75625,0.5235151560044039,0.1775064339121243,0.5779316056926883,0.6773282623469841,0.704215373715905,0.5265914656194899,0.19614981036763673,0.4890272826249357,0.7251931105704731,0.23616582794553737,0.6967179648084955,0.039941588056001766,sl_bench,0,2.999294013367573,0.5029375,0.246,0.0,1.5,regret,two-sided
DCL(G=2),0.5725369586517627,0.6457387385116642,0.7573214285714286,0.51062051116654,0.192633663553242,0.5884745441623843,0.6706057504419838,0.7010272759475735,0.5147038384571261,0.20038205406815401,0.4853738242572424,0.7193803246769238,0.2340065004196814,0.664905756363591,0.06806542915476296,sl_bench,0,2.999294013367573,0.5029375,0.246,0.13178571428571428,2.0,risk,two-sided
DCL-reg(G=2),0.53937405783476,0.6643671562492552,0.75625,0.5235151560044039,0.17817757816938862,0.5782994423699821,0.6774342677909525,0.704215373715905,0.5265914656194899,0.19626246156197827,0.48945497242918284,0.72489041869392,0.23543544626473717,0.6936927677743103,0.036916391021816666,sl_bench,0,2.999294013367573,0.5029375,0.246,0.0,2.0,regret,two-sided
DCL(G=3),0.6009758706899834,0.6255734844552856,0.7558928571428571,0.5062704567865736,0.20576406575684644,0.6036555156478517,0.6576960541240241,0.6971307120085016,0.5080552359033371,0.20723184801736394,0.47765140641723614,0.7094036320099995,0.23175222559276332,0.6604485167762955,0.09854358973697243,sl_bench,0,2.999294013367573,0.5029375,0.246,0.2544642857142857,3.0,risk,two-sided
DCL-reg(G=3),0.5433948657230916,0.6624865336067849,0.75625,0.5235151560044039,0.17973844091393715,0.5793646234566822,0.6772340352856788,0.704215373715905,0.5265914656194899,0.19662136449904347,0.4901768731244671,0.7240985834738874,0.23392171034942033,0.6879200137202433,0.03115054265237112,sl_bench,0,2.999294013367573,0.5029375,0.246,0.0,3.0,regret,two-sided
DCL(G=5),0.6322745531450761,0.5922106077885005,0.7541071428571429,0.502412162594299,0.22060274070726418,0.6249079857608374,0.6326581571778054,0.69394261424017,0.5028768699654775,0.21716842737776218,0.4633598718541359,0.6878556724803426,0.22449580062620672,0.6644600581372405,0.13015142339576055,sl_bench,0,2.999294013367573,0.5029375,0.246,0.4398214285714286,5.0,risk,two-sided
DCL-reg(G=5),0.5505817833570414,0.6586369841040405,0.75625,0.5235151560044039,0.18262906113518412,0.58180573202145,0.6762316949210436,0.704215373715905,0.5265914656194899,0.19752011008497225,0.4907724355464042,0.722343250202468,0.23157081465606383,0.6802645150753024,0.03943623360002417,sl_bench,0,2.999294013367573,0.5029375,0.246,0.0,5.0,regret,two-sided
Manski(G=inf),0.6765341645037279,0.5231286750200742,0.7532142857142857,0.5003615328994938,0.2419263990769396,0.6676728123279838,0.5621957496528321,0.6925256818986893,0.5005753739930955,0.23761948057000912,0.46553612484569684,0.5785776352263793,0.11304151038068244,0.6819924584825798,0.17218195426397434,sl_bench,0,2.999294013367573,0.5029375,0.246,,,,
ORACLE(uncensored),0.5183717252041774,0.6819753602083363,0.7619642857142858,0.5353271739855431,0.1707274605366288,0.5797476965969082,0.6818588172383698,0.7091746369110875,0.5375220991904718,0.1967741793122018,0.4698324500267978,0.7079414763995652,0.23810902637276737,0.7772598088718712,0.12503817831741929,sl_bench,0,2.999294013367573,0.5029375,0.246,,,,
DCL-dir(G=1),0.5366900149165015,0.6654108606643461,0.75625,0.5235151560044039,0.17716210427014906,0.5777715185475745,0.6772876269267961,0.704215373715905,0.5265914656194899,0.19610472142887242,0.4887771759250431,0.7253405157268823,0.2365633398018392,0.6984363292926656,0.04165995254017189,sl_bench,0,2.999294013367573,0.5029375,0.246,0.0,1.0,risk,censored-lower
DCL-dir-reg(G=1),0.5366900149165015,0.6654108606643461,0.75625,0.5235151560044039,0.17716210427014906,0.5777715185475745,0.6772876269267961,0.704215373715905,0.5265914656194899,0.19610472142887242,0.4887771759250431,0.7253405157268823,0.2365633398018392,0.6984363292926656,0.04165995254017189,sl_bench,0,2.999294013367573,0.5029375,0.246,0.0,1.0,regret,censored-lower
DCL-dir(G=1.5),0.5367310794033912,0.6654379520554393,0.7580357142857143,0.5140103643432027,0.17718944132930473,0.5784892434431734,0.6773114781516891,0.7027984413744244,0.5188586629415569,0.19645095382008243,0.48878605665137637,0.7253176038792114,0.23653154722783504,0.6979372525776096,0.04203460862078595,sl_bench,0,2.999294013367573,0.5029375,0.246,0.0175,1.5,risk,censored-lower
DCL-dir-reg(G=1.5),0.5315250210901583,0.6679301885715139,0.7582142857142857,0.5187452707947431,0.17519401743811852,0.5792893342945553,0.6764878747439673,0.7045696068012752,0.5226939987962493,0.19692683963112106,0.48750950194118237,0.7249860447187537,0.23747654277757135,0.7126595077658513,0.056371580691117695,sl_bench,0,2.999294013367573,0.5029375,0.246,0.0,1.5,regret,censored-lower
DCL-dir(G=2),0.5368398010895133,0.6654244063598926,0.7573214285714286,0.51062051116654,0.1772455058622843,0.578936468499131,0.6772946939563941,0.7010272759475735,0.5147038384571261,0.1966701758357329,0.48877855797064557,0.7253133019084217,0.23653474393777613,0.6978508376538117,0.04224048820425376,sl_bench,0,2.999294013367573,0.5029375,0.246,0.02107142857142857,2.0,risk,censored-lower
DCL-dir-reg(G=2),0.5294023161305104,0.6686973207471532,0.7580357142857143,0.5154681555272183,0.17445783432778958,0.5810592547870864,0.6752158094163458,0.7031526744597946,0.5197535255643907,0.19777078420977728,0.4861472760748398,0.7241727293819614,0.2380254533071216,0.7228754364196379,0.06688462426229798,sl_bench,0,2.999294013367573,0.5029375,0.246,0.0,2.0,regret,censored-lower
DCL-dir(G=3),0.5370259043473721,0.6653808543767429,0.7558928571428571,0.5062704567865736,0.17733937895608465,0.5793847594986965,0.6772287350134802,0.6971307120085016,0.5080552359033371,0.19689194962655945,0.48876367822360284,0.7253054906674874,0.23654181244388456,0.697824401661885,0.0424175224694939,sl_bench,0,2.999294013367573,0.5029375,0.246,0.024642857142857143,3.0,risk,censored-lower
DCL-dir-reg(G=3),0.5279936183021304,0.6686527399769998,0.7569642857142858,0.5111122713542318,0.17405701177470498,0.5839976054310566,0.6726463552383768,0.7010272759475735,0.515662304346341,0.1990927887002399,0.48379449425175874,0.722478345013357,0.2386838507615982,0.7364406714416711,0.08070229427020732,sl_bench,0,2.999294013367573,0.5029375,0.246,0.0,3.0,regret,censored-lower
DCL-dir(G=5),0.5371216074500308,0.6653243568237984,0.7541071428571429,0.502412162594299,0.17738714074706002,0.5796025812314995,0.6771704320192976,0.69394261424017,0.5028768699654775,0.19700021948791338,0.488748215407346,0.7252987910714603,0.23655057566411436,0.6978381656104249,0.04253347923567149,sl_bench,0,2.999294013367573,0.5029375,0.246,0.026785714285714284,5.0,risk,censored-lower
DCL-dir-reg(G=5),0.5278257182203983,0.6672493030396713,0.7576785714285714,0.5108576465708558,0.17414871846002006,0.587678228733452,0.6691681988379448,0.7010272759475735,0.5147038384571261,0.20067229615737803,0.48068041283089463,0.7199427594546082,0.23926234662371354,0.7509387594913175,0.0953949419569857,sl_bench,0,2.999294013367573,0.5029375,0.246,0.0,5.0,regret,censored-lower
ERM-observed,0.5702015771000742,0.6190964823065994,0.7217857142857143,0.5533734771191183,0.19194154678662276,0.6302900853628639,0.6109174011884384,0.6698446327683616,0.5508251205589805,0.2175336161797188,0.4365455180503445,0.6805977162933273,0.2440521982429828,0.7996372871274156,0.14079258060895822,sl_bench,1,2.999974706559502,0.5045,0.247375,,,,
IPW,0.5767359444206723,0.6141649446812174,0.7132142857142857,0.5455438245296828,0.19445230720138304,0.6383355471013898,0.6039307164705057,0.6638418079096046,0.5461086374965969,0.2204086197701043,0.4344771156930134,0.6813484835637403,0.24687136787072694,0.8173320974265259,0.15850192280440528,sl_bench,1,2.999974706559502,0.5045,0.247375,,,,
AIPW,0.5535455507144426,0.6355468245512076,0.7383928571428572,0.5397496125532739,0.18513550556917036,0.6045424363277331,0.6342375518464973,0.6807909604519774,0.5399541222353053,0.20828862777323617,0.43340080987481633,0.6762292976552111,0.24282848778039479,0.7520136423768488,0.08803310034764075,sl_bench,1,2.999974706559502,0.5045,0.247375,,,,
Imputation,0.5551156417557471,0.6321623832278618,0.7466071428571428,0.5258203646304189,0.18496771108725438,0.6055421835991377,0.6252994354603502,0.6836158192090396,0.5282580889667914,0.2085257606455941,0.4400557086096221,0.6732406775886457,0.23318496897902358,0.729540739512266,0.059447307526032785,sl_bench,1,2.999974706559502,0.5045,0.247375,,,,
Heckman(rho=+0.36),0.5357022829391235,0.661648188955616,0.7501785714285715,0.5166454109087778,0.17779404796427972,0.6111757911451715,0.6450654577188853,0.6875,0.5210759186254706,0.21005252414634049,0.4271003218031906,0.6712195179560483,0.2441191961528577,0.8416864739123717,0.16563951355174927,sl_bench,1,2.999974706559502,0.5045,0.247375,,,,
DCL(G=1),0.5601044427597456,0.6274016988462697,0.7471428571428571,0.5053542985061776,0.18680560464227985,0.6103292792569933,0.6221317122200489,0.6793785310734464,0.5044607821593827,0.21048456205952018,0.44409894721906423,0.6862153642132838,0.24211641699421954,0.7187952754370014,0.03985707973538935,sl_bench,1,2.999974706559502,0.5045,0.247375,0.0,1.0,risk,two-sided
DCL-reg(G=1),0.5601044427597456,0.6274016988462697,0.7471428571428571,0.5053542985061776,0.18680560464227985,0.6103292792569933,0.6221317122200489,0.6793785310734464,0.5044607821593827,0.21048456205952018,0.44409894721906423,0.6862153642132838,0.24211641699421954,0.7187952754370014,0.03985707973538935,sl_bench,1,2.999974706559502,0.5045,0.247375,0.0,1.0,regret,two-sided
DCL(G=1.5),0.5800433943890272,0.6171365467196177,0.7466071428571428,0.5024497933617461,0.1954801237104035,0.6150642877140482,0.6216899432492393,0.678319209039548,0.5016694757617803,0.21239884706483408,0.44327646797571346,0.6846835198755895,0.24140705189987605,0.695199975732105,0.0462309047474011,sl_bench,1,2.999974706559502,0.5045,0.247375,0.015535714285714286,1.5,risk,two-sided
DCL-reg(G=1.5),0.5610750229213485,0.6270852167549184,0.7471428571428571,0.5053542985061776,0.1871983450725136,0.6104854367271735,0.6222778270217637,0.6793785310734464,0.5044607821593827,0.2105365764237619,0.4442231643239478,0.6861583130878478,0.2419351487639,0.7171345267950722,0.03819633109345992,sl_bench,1,2.999974706559502,0.5045,0.247375,0.0,1.5,regret,two-sided
DCL(G=2),0.6005232324233081,0.6055356787313272,0.7457142857142857,0.500694175384218,0.2049466183176788,0.6237300663784768,0.617943753791993,0.6772598870056498,0.5000265403839053,0.2163198019460468,0.44012106230869724,0.6815757704613737,0.2414547081526765,0.6847921156800718,0.06956538733443968,sl_bench,1,2.999974706559502,0.5045,0.247375,0.046964285714285715,2.0,risk,two-sided
DCL-reg(G=2),0.5629243246046904,0.6264430036269317,0.7471428571428571,0.5053542985061776,0.18795371110300088,0.6108421395632513,0.6224416354127487,0.6793785310734464,0.5044607821593827,0.2106627447980252,0.4444291056442559,0.6860065053089229,0.24157739966466701,0.7142155290113115,0.0352773333096994,sl_bench,1,2.999974706559502,0.5045,0.247375,0.0,2.0,regret,two-sided
DCL(G=3),0.6338398225437617,0.5824706589823065,0.7457142857142857,0.5004627835894787,0.2209042514779978,0.6414208335692894,0.6070465004648848,0.676906779661017,0.49947889525794686,0.22468659148572462,0.4321348325955926,0.6735208270174204,0.24138599442182784,0.6798434990553095,0.1055962224301503,sl_bench,1,2.999974706559502,0.5045,0.247375,0.20267857142857143,3.0,risk,two-sided
DCL-reg(G=3),0.5670405466710563,0.6246764550777045,0.7471428571428571,0.5053542985061776,0.18966515668629255,0.611860516124622,0.6226117221741198,0.6793785310734464,0.5044607821593827,0.21104897285550284,0.4447851286471445,0.6855366993737234,0.24075157072657893,0.708657865302707,0.0297199090779413,sl_bench,1,2.999974706559502,0.5045,0.247375,0.0,3.0,regret,two-sided
DCL(G=5),0.6658131994327384,0.547938965032933,0.7453571428571428,0.49976053639846746,0.2365234721497187,0.6637395946266215,0.5832554720278622,0.676906779661017,0.49947889525794686,0.23552216544406687,0.41939669859003115,0.6492284752340292,0.229831776643998,0.6835288043697829,0.13848086501598536,sl_bench,1,2.999974706559502,0.5045,0.247375,0.5282142857142857,5.0,risk,two-sided
DCL-reg(G=5),0.5741321808400472,0.6208011470037453,0.7471428571428571,0.5053542985061776,0.19269733059008728,0.61413068952755,0.6225906040191844,0.6793785310734464,0.5044607821593827,0.21196817451482733,0.44503206328775824,0.6843535999365671,0.23932153664880884,0.7012858879027245,0.03765075309024359,sl_bench,1,2.999974706559502,0.5045,0.247375,0.0,5.0,regret,two-sided
Manski(G=inf),0.6906839391873362,0.5047848998019717,0.7455357142857143,0.4998802681992337,0.24878009983889293,0.6890706225248487,0.5150483976742634,0.6772598870056498,0.49973944762897343,0.24798310263778872,0.48157766806353935,0.5211550215831297,0.0395773535195903,0.6918935680540689,0.1621375579031223,sl_bench,1,2.999974706559502,0.5045,0.247375,,,,
ORACLE(uncensored),0.5413277816882026,0.6424805065865944,0.7482142857142857,0.5144027939213913,0.17979226698427497,0.6172995464074373,0.6206574367011845,0.6832627118644068,0.5159396408886291,0.21271074784519192,0.4284711572765633,0.6739270914670433,0.24545593419048,0.8113759476094977,0.13587891616703263,sl_bench,1,2.999974706559502,0.5045,0.247375,,,,
DCL-dir(G=1),0.5601044427597456,0.6274016988462697,0.7471428571428571,0.5053542985061776,0.18680560464227985,0.6103292792569933,0.6221317122200489,0.6793785310734464,0.5044607821593827,0.21048456205952018,0.44409894721906423,0.6862153642132838,0.24211641699421954,0.7187952754370014,0.03985707973538936,sl_bench,1,2.999974706559502,0.5045,0.247375,0.0,1.0,risk,censored-lower
DCL-dir-reg(G=1),0.5601044427597456,0.6274016988462697,0.7471428571428571,0.5053542985061776,0.18680560464227985,0.6103292792569933,0.6221317122200489,0.6793785310734464,0.5044607821593827,0.21048456205952018,0.44409894721906423,0.6862153642132838,0.24211641699421954,0.7187952754370014,0.03985707973538935,sl_bench,1,2.999974706559502,0.5045,0.247375,0.0,1.0,regret,censored-lower
DCL-dir(G=1.5),0.5601830136737236,0.6274033804726851,0.7466071428571428,0.5024497933617461,0.18684445272451317,0.6103896128234448,0.6221374198294909,0.678319209039548,0.5016694757617803,0.21051510376348467,0.44409893594944755,0.686215185583518,0.24211624963407047,0.7187552131630781,0.03989331384801533,sl_bench,1,2.999974706559502,0.5045,0.247375,0.0033928571428571428,1.5,risk,censored-lower
DCL-dir-reg(G=1.5),0.5543433132929964,0.6298501469068837,0.7466071428571428,0.5029125769512247,0.18450690291535404,0.6110561048287053,0.6208315187891649,0.6786723163841808,0.5025042136426706,0.21091304643286354,0.4431622432747874,0.6858159180721378,0.2426536747973504,0.7330130004554885,0.054121540613790306,sl_bench,1,2.999974706559502,0.5045,0.247375,0.0,1.5,regret,censored-lower
DCL-dir(G=2),0.5602121521374911,0.62739951273193,0.7457142857142857,0.500694175384218,0.18685898183528427,0.6103982069711469,0.6221339952638257,0.6772598870056498,0.5000265403839053,0.21051968056476852,0.44409873439782394,0.6862148302844889,0.242116095886665,0.7187479278196798,0.03991200147669348,sl_bench,1,2.999974706559502,0.5045,0.247375,0.004285714285714286,2.0,risk,censored-lower
DCL-dir-reg(G=2),0.5517815444905656,0.6306988637586638,0.7467857142857143,0.5028009169572517,0.1835506959809073,0.61237539333786,0.6195136317690108,0.6786723163841808,0.5022171208877387,0.2115377147632541,0.4421944036940019,0.685246121073382,0.24305171737938008,0.7429534371495812,0.06408331252232391,sl_bench,1,2.999974706559502,0.5045,0.247375,0.0,2.0,regret,censored-lower
DCL-dir(G=3),0.5602159741935198,0.6274002694638168,0.7457142857142857,0.5004627835894787,0.18686093089514583,0.6103722556759578,0.6221328537419373,0.676906779661017,0.49947889525794686,0.21050694212329318,0.44409850376915555,0.6862147353385797,0.24211623156942413,0.7187461622758027,0.03992714217078599,sl_bench,1,2.999974706559502,0.5045,0.247375,0.004642857142857143,3.0,risk,censored-lower
DCL-dir-reg(G=3),0.5497432276132106,0.6310192135907702,0.7460714285714286,0.5013964225752292,0.1828568887573429,0.6147870388178699,0.6173749905110993,0.6772598870056498,0.5000265403839053,0.21260748212386082,0.44062948051526696,0.684226016219993,0.24359653570472606,0.7558319031696219,0.07698556681175339,sl_bench,1,2.999974706559502,0.5045,0.247375,0.0,3.0,regret,censored-lower
DCL-dir(G=5),0.5602137142896367,0.6273987560000431,0.7453571428571428,0.49976053639846746,0.18685985470251967,0.6103411857874861,0.6221328537419373,0.676906779661017,0.49947889525794686,0.21049152387310002,0.4440981480919586,0.6862143908225851,0.24211624273062649,0.7187467859075007,0.0399357055928696,sl_bench,1,2.999974706559502,0.5045,0.247375,0.005,5.0,risk,censored-lower
DCL-dir-reg(G=5),0.5488006559454478,0.6305532349111025,0.7457142857142857,0.500694175384218,0.1826129341427044,0.6179226584222599,0.6146307718913933,0.6772598870056498,0.5000265403839053,0.2139320738051708,0.43867393133290034,0.6828438729567226,0.24416994162382222,0.7692251949914526,0.090392191491744,sl_bench,1,2.999974706559502,0.5045,0.247375,0.0,5.0,regret,censored-lower
ERM-observed,0.564573255411257,0.6719686866999841,0.7246428571428571,0.5969945741314113,0.18919721167230164,0.5576998474112175,0.6856753352615851,0.7375886524822695,0.5835661472083786,0.18448292020557805,0.513486605375269,0.7593172567583722,0.24583065138310323,0.7663005232957835,0.14699668575613525,sl_bench,2,3.247423721518188,0.5056875,0.245875,,,,
IPW,0.5676748456637873,0.6682381558042233,0.7201785714285714,0.5916051063975574,0.19049047269730465,0.5565381007148392,0.6872819270905703,0.7304964539007093,0.5774644279822321,0.18536869208267104,0.5117479966783238,0.7583977762482749,0.24664977956995104,0.7702058839294075,0.15021144623204497,sl_bench,2,3.247423721518188,0.5056875,0.245875,,,,
AIPW,0.5366596625411745,0.6776377986476012,0.7385714285714285,0.5737674028204239,0.17772152047659676,0.5405881971915173,0.693955462380202,0.7358156028368794,0.5551754476397699,0.17855480810307936,0.5081238853040904,0.753759668706983,0.2456357834028926,0.7161541583981762,0.09233233036407039,sl_bench,2,3.247423721518188,0.5056875,0.245875,,,,
Imputation,0.525693156743106,0.6853561502455987,0.7517857142857143,0.5629122396803576,0.17402453643378474,0.5302625424750153,0.702864395069191,0.7379432624113476,0.5390679077999425,0.17665274860266264,0.5151389817058456,0.7576736787207906,0.242534697014945,0.6920282442060559,0.06372593670139344,sl_bench,2,3.247423721518188,0.5056875,0.245875,,,,
Heckman(rho=+0.25),0.5083253077050073,0.7065459014778748,0.7623214285714286,0.5621546736556308,0.16726559427639762,0.5227073607915931,0.7266130111526544,0.747872340425532,0.5387458210362998,0.17380166547512763,0.505255339697884,0.7514908510133127,0.24623551131542865,0.7421951531784863,0.11154836303557825,sl_bench,2,3.247423721518188,0.5056875,0.245875,,,,
DCL(G=1),0.5297403615325202,0.679725580379511,0.7525,0.5466620416168831,0.17499104948111902,0.5380653246397755,0.6926972109079197,0.7379432624113476,0.5286144954411596,0.17912093704043347,0.5222000164359969,0.7656199966743099,0.24341998023831302,0.6846837179897094,0.04410062417817356,sl_bench,2,3.247423721518188,0.5056875,0.245875,0.0,1.0,risk,two-sided
DCL-reg(G=1),0.5297403615325202,0.679725580379511,0.7525,0.5466620416168831,0.17499104948111902,0.5380653246397755,0.6926972109079197,0.7379432624113476,0.5286144954411596,0.17912093704043347,0.5222000164359969,0.7656199966743099,0.24341998023831302,0.6846837179897094,0.04410062417817356,sl_bench,2,3.247423721518188,0.5056875,0.245875,0.0,1.0,regret,two-sided
DCL(G=1.5),0.5408662632120959,0.6801226494683335,0.7541071428571429,0.5266419997344879,0.17950826088781738,0.5402756235005014,0.695457680168484,0.7347517730496453,0.5134709747318772,0.17972266884906807,0.5219152626374075,0.7650061073039095,0.243090844666502,0.6613656345962516,0.04738569185183476,sl_bench,2,3.247423721518188,0.5056875,0.245875,0.08767857142857143,1.5,risk,two-sided
DCL-reg(G=1.5),0.5303011641118167,0.6798228777231051,0.7525,0.5466620416168831,0.1751910407822118,0.5381328389313785,0.6929610275015993,0.7379432624113476,0.5286144954411596,0.17912491196696825,0.5222689166735565,0.7655877550812472,0.24331883840769075,0.6830425259852189,0.042459432173682934,sl_bench,2,3.247423721518188,0.5056875,0.245875,0.0,1.5,regret,two-sided
DCL(G=2),0.55349642137582,0.6790850966335633,0.7564285714285715,0.5192157971144828,0.18494016072039432,0.546619491138753,0.6962728222164308,0.7343971631205674,0.5090472443012094,0.18223364561422975,0.5202872657098058,0.7629464111590554,0.2426591454492496,0.6516863957793532,0.0660008469193817,sl_bench,2,3.247423721518188,0.5056875,0.245875,0.16303571428571428,2.0,risk,two-sided
DCL-reg(G=2),0.5314130250043646,0.6799241149239222,0.7525,0.5466620416168831,0.17559177873780604,0.5383507921666205,0.6933433054298194,0.7379432624113476,0.5286144954411596,0.17916623212699984,0.5223854889044526,0.7655208102983346,0.24313532139388205,0.6801494533642298,0.03956635955269392,sl_bench,2,3.247423721518188,0.5056875,0.245875,0.0,2.0,regret,two-sided
DCL(G=3),0.5755492181910219,0.6721296213026368,0.75625,0.5108560196307669,0.19475217184913415,0.5615696505481991,0.6944914198775558,0.7336879432624114,0.5047992848777383,0.1886013740686607,0.5152870745551198,0.75598027820618,0.24069320365106017,0.646391725894923,0.0927935383878194,sl_bench,2,3.247423721518188,0.5056875,0.245875,0.2810714285714286,3.0,risk,two-sided
DCL-reg(G=3),0.5340638465784058,0.6802622574525397,0.7525,0.5466620416168831,0.1765662846395337,0.5391906739464248,0.694237208256947,0.7379432624113476,0.5286144954411596,0.1793956395349002,0.5225867234133147,0.7653531478694131,0.24276642445609842,0.6746151219500751,0.03403202813853916,sl_bench,2,3.247423721518188,0.5056875,0.245875,0.0,3.0,regret,two-sided
DCL(G=5),0.6037809532082838,0.658554329346369,0.7548214285714285,0.5050592905687527,0.20762439154874057,0.585896334958595,0.685383664246,0.7329787234042553,0.5026420079260238,0.1994424644542112,0.50581731953338,0.7408186112952413,0.23500129176186124,0.6490691362008223,0.12328744533506605,sl_bench,2,3.247423721518188,0.5056875,0.245875,0.42232142857142857,5.0,risk,two-sided
DCL-reg(G=5),0.5390933393953271,0.6806569283674001,0.7525,0.5466620416168831,0.17847305605898886,0.5415325114408635,0.6954973807238436,0.7379432624113476,0.5286144954411596,0.18015289183652727,0.5227580332598811,0.7650008560738784,0.24224282281399723,0.6672480966420704,0.03946029786704111,sl_bench,2,3.247423721518188,0.5056875,0.245875,0.0,5.0,regret,two-sided
Manski(G=inf),0.6723817842475005,0.5698631756105708,0.7526785714285714,0.5,0.2399006038743753,0.6627089287439587,0.5998913997711456,0.7315602836879432,0.5,0.2352387174414593,0.4956429380711496,0.6057710271550667,0.11012808908391708,0.6790161970728785,0.19038016732201962,sl_bench,2,3.247423721518188,0.5056875,0.245875,,,,
ORACLE(uncensored),0.5194115261465458,0.681933099511372,0.7596428571428572,0.5434082334451054,0.17126312603199578,0.5427213050548133,0.6953846823731455,0.7375886524822695,0.519173127078276,0.18147852280974736,0.5058533685839754,0.7523282092341216,0.24647484065014613,0.7396327131840452,0.10807102083236744,sl_bench,2,3.247423721518188,0.5056875,0.245875,,,,
DCL-dir(G=1),0.5297403615325202,0.679725580379511,0.7525,0.5466620416168831,0.17499104948111902,0.5380653246397755,0.6926972109079197,0.7379432624113476,0.5286144954411596,0.17912093704043347,0.5222000164359969,0.7656199966743099,0.24341998023831302,0.6846837179897094,0.04410062417817356,sl_bench,2,3.247423721518188,0.5056875,0.245875,0.0,1.0,risk,censored-lower
DCL-dir-reg(G=1),0.5297403615325202,0.679725580379511,0.7525,0.5466620416168831,0.17499104948111902,0.5380653246397755,0.6926972109079197,0.7379432624113476,0.5286144954411596,0.17912093704043347,0.5222000164359969,0.7656199966743099,0.24341998023831302,0.6846837179897094,0.04410062417817355,sl_bench,2,3.247423721518188,0.5056875,0.245875,0.0,1.0,regret,censored-lower
DCL-dir(G=1.5),0.5284775389340838,0.6798167109900605,0.7541071428571429,0.5266419997344879,0.17437883401956114,0.5381707843128405,0.6926984915709957,0.7347517730496453,0.5134709747318772,0.1791686334290926,0.5221985008140032,0.7655757064124995,0.2433772055984963,0.6823225007562731,0.045348922200901684,sl_bench,2,3.247423721518188,0.5056875,0.245875,0.03267857142857143,1.5,risk,censored-lower
DCL-dir-reg(G=1.5),0.5260253169054538,0.6788596682811515,0.7517857142857143,0.5330986548813547,0.1735056067273951,0.5399010149598041,0.6907224284445515,0.7358156028368794,0.5192157091255568,0.1800272778841918,0.5219609212660782,0.7654188436281923,0.24345792236211417,0.6962570339669751,0.05726282661589297,sl_bench,2,3.247423721518188,0.5056875,0.245875,0.0,1.5,regret,censored-lower
DCL-dir(G=2),0.5282161777692909,0.6799215454518202,0.7564285714285715,0.5192157971144828,0.17424293851652994,0.5382265667676083,0.6927289073190535,0.7343971631205674,0.5090472443012094,0.17919001539509183,0.5221407584526196,0.765506765895753,0.2433660074431333,0.6817031512693736,0.046624307215548846,sl_bench,2,3.247423721518188,0.5056875,0.245875,0.048214285714285716,2.0,risk,censored-lower
DCL-dir-reg(G=2),0.5247574069893195,0.6781319937818775,0.7523214285714286,0.5273948550603612,0.17302859327110898,0.5419290316679627,0.6892727178423901,0.7354609929078014,0.5156282516835917,0.18093332634237494,0.5216805491267287,0.765134959398177,0.24345441027144832,0.7048975224981393,0.06743141131069624,sl_bench,2,3.247423721518188,0.5056875,0.245875,0.0,2.0,regret,censored-lower
DCL-dir(G=3),0.5284163428427887,0.6798472020590035,0.75625,0.5108560196307669,0.174332681952419,0.5384465318288489,0.6927292274848226,0.7336879432624114,0.5047992848777383,0.17929272543515984,0.5220243984878025,0.7654063248364364,0.24338192634863398,0.6814899402500103,0.04764012363641609,sl_bench,2,3.247423721518188,0.5056875,0.245875,0.06017857142857143,3.0,risk,censored-lower
DCL-dir-reg(G=3),0.52437390970107,0.6769013879431804,0.7544642857142857,0.5213043496880233,0.17293122394879684,0.5452450817301641,0.6871109585699091,0.7340425531914894,0.5108955612858114,0.18234702611039372,0.5211669137368486,0.7645703262359814,0.24340341249913278,0.7167707755214585,0.08092365115772729,sl_bench,2,3.247423721518188,0.5056875,0.245875,0.0,3.0,regret,censored-lower
DCL-dir(G=5),0.5287799847362309,0.6797034829194342,0.7548214285714285,0.5050592905687527,0.17450821006434922,0.5386307521629513,0.6927144998594472,0.7329787234042553,0.5026420079260238,0.1793810429131793,0.521902957356833,0.7653233391948341,0.24342038183800108,0.6815403296131215,0.04827630675901766,sl_bench,2,3.247423721518188,0.5056875,0.245875,0.06589285714285714,5.0,risk,censored-lower
DCL-dir-reg(G=5),0.525277728661953,0.6750637014958609,0.7564285714285715,0.5175190890364908,0.17335806680688745,0.5493816086390346,0.6842723688617018,0.7336879432624114,0.5073081038438462,0.1840462641254337,0.5204341459072763,0.7636662067207947,0.24323206081351834,0.7300000994363833,0.09540233515908558,sl_bench,2,3.247423721518188,0.5056875,0.245875,0.0,5.0,regret,censored-lower
ERM-observed,0.22984586335737042,0.6166829357517344,0.9533333333333334,0.5119657098702641,0.047214245836766235,0.19434532038826252,0.5922315257841573,0.9625486381322957,0.4997474747474748,0.03755711790096998,0.5340041060733244,0.6731352539889588,0.1391311479156344,0.3043274899343317,0.07507277833254163,lending_club,0,2.0000000000159712,0.5965303844983261,0.052450035507760985,,,,
IPW,0.22902628295352542,0.6268307386786766,0.951304347826087,0.4992394280498935,0.0472890038585073,0.19571042529842006,0.5877857522594365,0.9625486381322957,0.4997474747474748,0.037513731200471696,0.5289149576331604,0.6689943455590082,0.14007938792584773,0.30735082657281354,0.0776083418088182,lending_club,0,2.0000000000159712,0.5965303844983261,0.052450035507760985,,,,
AIPW,0.2485027288047966,0.6023533869248816,0.951304347826087,0.5021547983224489,0.049302241192022714,0.2103173997230868,0.5928694843168527,0.9625486381322957,0.4997474747474748,0.03882067874942066,0.5052818358719191,0.6527680594212489,0.14748622354932983,0.3242969280438384,0.10255077837683793,lending_club,0,2.0000000000159712,0.5965303844983261,0.052450035507760985,,,,
Imputation,0.2099749587794585,0.6207984232363596,0.9527536231884058,0.5,0.04582609086500362,0.17916746564710748,0.6089048378522062,0.9630350194552529,0.5,0.03666345379010548,0.5194269873173936,0.6615796625621968,0.14215267524480324,0.2774364683872805,0.0504610914342542,lending_club,0,2.0000000000159712,0.5965303844983261,0.052450035507760985,,,,
Heckman(rho=-0.16),0.19521492737210014,0.6626588102228336,0.9489855072463768,0.5009378832022785,0.048350232140860476,0.15806030781479125,0.6653309409888357,0.9615758754863813,0.49924242424242427,0.03686715373957666,0.5121789626761449,0.6557805633806537,0.14360160070450878,0.2509826566154556,0.030567472281737656,lending_club,0,2.0000000000159712,0.5965303844983261,0.052450035507760985,,,,
DCL(G=1),0.18581222614888443,0.6302071182068794,0.9527536231884058,0.5,0.044635158709925085,0.15680328034084712,0.604638490164806,0.9630350194552529,0.5,0.03556126569421168,0.5495584758102571,0.6859203509447797,0.13636187513452258,0.23613604814279732,0.0033843572862795844,lending_club,0,2.0000000000159712,0.5965303844983261,0.052450035507760985,0.0,1.0,risk,two-sided
DCL-reg(G=1),0.18581222614888443,0.6302071182068794,0.9527536231884058,0.5,0.044635158709925085,0.15680328034084712,0.604638490164806,0.9630350194552529,0.5,0.03556126569421168,0.5495584758102571,0.6859203509447797,0.13636187513452258,0.23613604814279732,0.0033843572862795844,lending_club,0,2.0000000000159712,0.5965303844983261,0.052450035507760985,0.0,1.0,regret,two-sided
DCL(G=1.5),0.18597954266082226,0.6400712231303461,0.9527536231884058,0.5,0.044679273850668645,0.15819248549108234,0.6155635300372143,0.9630350194552529,0.5,0.03575157547364323,0.5491395016841757,0.6858795384409085,0.13674003675673285,0.23346331363459075,0.004071708087257858,lending_club,0,2.0000000000159712,0.5965303844983261,0.052450035507760985,0.0,1.5,risk,two-sided
DCL-reg(G=1.5),0.18573391667794584,0.6316349403954228,0.9527536231884058,0.5,0.04462861929546949,0.15690796421057568,0.6065124933545986,0.9630350194552529,0.5,0.03557568325459313,0.5495517868271312,0.6859543454695562,0.136402558642425,0.23566779287707923,0.0029161020205615454,lending_club,0,2.0000000000159712,0.5965303844983261,0.052450035507760985,0.0,1.5,regret,two-sided
DCL(G=2),0.18761318612796485,0.6457190531205848,0.9527536231884058,0.5,0.04492441836353829,0.16056774455709302,0.6217038809144072,0.9630350194552529,0.5,0.036084327530709136,0.5485355708224413,0.6854302462056403,0.136894675383199,0.2327516908565177,0.007791652941009796,lending_club,0,2.0000000000159712,0.5965303844983261,0.052450035507760985,0.0,2.0,risk,two-sided
DCL-reg(G=2),0.1856770126328874,0.6341079657546647,0.9527536231884058,0.5,0.04462537831209778,0.15718176577558612,0.6092703349282296,0.9630350194552529,0.5,0.03561109619391438,0.5495046735307553,0.6859739483036817,0.13646927477292647,0.2348760725723299,0.002124381715812181,lending_club,0,2.0000000000159712,0.5965303844983261,0.052450035507760985,0.0,2.0,regret,two-sided
DCL(G=3),0.19325290038807183,0.6524438156634893,0.9527536231884058,0.5,0.04587737463166815,0.1669167191626215,0.6300505050505051,0.9630350194552529,0.5,0.03708366874181814,0.5473777927829648,0.6844326456596632,0.13705485287669839,0.23467037732217802,0.016569888416552724,lending_club,0,2.0000000000159712,0.5965303844983261,0.052450035507760985,0.0,3.0,risk,two-sided
DCL-reg(G=3),0.18598297311796338,0.638749787693106,0.9527536231884058,0.5,0.044666271891639096,0.1581520417217031,0.6142676767676767,0.9630350194552529,0.5,0.035732332051297264,0.5492811576307156,0.6858857827112258,0.1366046250805102,0.23356549118689965,0.003870524994714695,lending_club,0,2.0000000000159712,0.5965303844983261,0.052450035507760985,0.0,3.0,regret,two-sided
DCL(G=5),0.20834384179649015,0.6587598291092815,0.9527536231884058,0.5,0.04897722068976768,0.1820702262130106,0.6381446039340777,0.9630350194552529,0.5,0.03996537109865635,0.5456138928597234,0.6828274207613211,0.1372135279015977,0.2445593851791276,0.03579372506454681,lending_club,0,2.0000000000159712,0.5965303844983261,0.052450035507760985,0.0,5.0,risk,two-sided
DCL-reg(G=5),0.18802540458341854,0.6455492076053462,0.9527536231884058,0.5,0.04493875416011877,0.16115284639138147,0.621863370547581,0.9630350194552529,0.5,0.0361237045074255,0.548604988218178,0.6853935908516594,0.13678860263348136,0.23279820703920517,0.00833228837408171,lending_club,0,2.0000000000159712,0.5965303844983261,0.052450035507760985,0.0,5.0,regret,two-sided
Manski(G=inf),0.5458040344875628,0.6738107547673398,0.9527536231884058,0.5,0.17882409494737025,0.5190227751271802,0.6672448165869218,0.9630350194552529,0.5,0.16613095616464366,0.5049732696437672,0.6448917983733704,0.1399185287296032,0.5545340319239959,0.39206182720907307,lending_club,0,2.0000000000159712,0.5965303844983261,0.052450035507760985,,,,
ORACLE(uncensored),0.2047096979740424,0.6108260651273562,0.9518840579710145,0.5053743973750469,0.04684050027225716,0.170789551743364,0.6033559276980329,0.9620622568093385,0.5058213716108453,0.03739911286126474,0.5170677982367182,0.6570593453331808,0.13999154709646255,0.2694020976812438,0.040975158517248485,lending_club,0,2.0000000000159712,0.5965303844983261,0.052450035507760985,,,,
DCL-dir(G=1),0.18581222614888443,0.6302071182068794,0.9527536231884058,0.5,0.044635158709925085,0.15680328034084712,0.604638490164806,0.9630350194552529,0.5,0.03556126569421168,0.5495584758102571,0.6859203509447797,0.13636187513452258,0.23613604814279732,0.0033843572862795844,lending_club,0,2.0000000000159712,0.5965303844983261,0.052450035507760985,0.0,1.0,risk,censored-higher
DCL-dir-reg(G=1),0.18581222614888443,0.6302071182068794,0.9527536231884058,0.5,0.044635158709925085,0.15680328034084712,0.604638490164806,0.9630350194552529,0.5,0.03556126569421168,0.5495584758102571,0.6859203509447797,0.13636187513452258,0.23613604814279732,0.0033843572862795844,lending_club,0,2.0000000000159712,0.5965303844983261,0.052450035507760985,0.0,1.0,regret,censored-higher
DCL-dir(G=1.5),0.18597954266082226,0.6400712231303461,0.9527536231884058,0.5,0.044679273850668645,0.15819248549108234,0.6155635300372143,0.9630350194552529,0.5,0.03575157547364323,0.5491395016841757,0.6858795384409085,0.13674003675673285,0.23346331363459075,0.004071708087257858,lending_club,0,2.0000000000159712,0.5965303844983261,0.052450035507760985,0.0,1.5,risk,censored-higher
DCL-dir-reg(G=1.5),0.1856608672531778,0.6357186984980804,0.9527536231884058,0.5,0.04462871016417081,0.15732240325444408,0.6105661881977672,0.9630350194552529,0.5,0.035633900890606765,0.5494125565163511,0.6859965257197347,0.13658396920338356,0.23453037152919623,0.0024664845432002588,lending_club,0,2.0000000000159712,0.5965303844983261,0.052450035507760985,0.0,1.5,regret,censored-higher
DCL-dir(G=2),0.18761318612796485,0.6457190531205848,0.9527536231884058,0.5,0.04492441836353829,0.16056774455709302,0.6217038809144072,0.9630350194552529,0.5,0.036084327530709136,0.5485355708224413,0.6854302462056403,0.136894675383199,0.2327516908565177,0.007791652941009796,lending_club,0,2.0000000000159712,0.5965303844983261,0.052450035507760985,0.0,2.0,risk,censored-higher
DCL-dir-reg(G=2),0.18593231768155075,0.6395411558080635,0.9527536231884058,0.5,0.04467034374332314,0.15809455978551112,0.6149189261031367,0.9630350194552529,0.5,0.03573637795149394,0.5491865500639468,0.6858967991378324,0.13671024907388563,0.23355174399208464,0.0038850949780453344,lending_club,0,2.0000000000159712,0.5965303844983261,0.052450035507760985,0.0,2.0,regret,censored-higher
DCL-dir(G=3),0.19325290038807183,0.6524438156634893,0.9527536231884058,0.5,0.04587737463166815,0.1669167191626215,0.6300505050505051,0.9630350194552529,0.5,0.03708366874181814,0.5473777927829648,0.6844326456596632,0.13705485287669839,0.23467037732217802,0.016569888416552724,lending_club,0,2.0000000000159712,0.5965303844983261,0.052450035507760985,0.0,3.0,risk,censored-higher
DCL-dir-reg(G=3),0.18722531277390106,0.6446831821210532,0.9527536231884058,0.5,0.04485603279835335,0.16007823241013178,0.6206937799043062,0.9630350194552529,0.5,0.03600557917341907,0.5486861945403131,0.685534536414944,0.1368483418746309,0.2327774535094601,0.0070048848903717705,lending_club,0,2.0000000000159712,0.5965303844983261,0.052450035507760985,0.0,3.0,regret,censored-higher
DCL-dir(G=5),0.20834384179649015,0.6587598291092815,0.9527536231884058,0.5,0.04897722068976768,0.1820702262130106,0.6381446039340777,0.9630350194552529,0.5,0.03996537109865635,0.5456138928597234,0.6828274207613211,0.1372135279015977,0.2445593851791276,0.03579372506454681,lending_club,0,2.0000000000159712,0.5965303844983261,0.052450035507760985,0.0,5.0,risk,censored-higher
DCL-dir-reg(G=5),0.1911804987712032,0.6504523303364621,0.9527536231884058,0.5,0.04547197696397863,0.16477297888915793,0.6278708133971291,0.9630350194552529,0.5,0.036697020756283075,0.5477496919750467,0.6847468797498808,0.13699718777483405,0.23368804611715607,0.013526489690569668,lending_club,0,2.0000000000159712,0.5965303844983261,0.052450035507760985,0.0,5.0,regret,censored-higher
ERM-observed,0.262957456357339,0.6125819164764272,0.9443478260869566,0.5020321938445214,0.05351757100577217,0.2133241062541666,0.5830598156821978,0.9581126624939817,0.49974886991461576,0.04071095540622089,0.5197426463980556,0.6585609899831206,0.13881834358506506,0.3043708467370628,0.0767930390900924,lending_club,1,2.0000000000297806,0.6018058232728011,0.052450035507760985,,,,
IPW,0.27100265748034963,0.5926428904043133,0.9446376811594203,0.5046776964900239,0.053764759354362215,0.21781279618672683,0.5634716690222279,0.9576311988444872,0.49949773982923157,0.04060351505258024,0.5165308885299857,0.6568309668369076,0.14030007830692182,0.3090626062285838,0.08132551703255686,lending_club,1,2.0000000000297806,0.6018058232728011,0.052450035507760985,,,,
AIPW,0.27444826372905773,0.5914633255939603,0.943768115942029,0.4992333639987734,0.05447512603438775,0.22761712218456476,0.5803324261502343,0.9581126624939817,0.49974886991461576,0.04206086017720397,0.49537682858202176,0.6417486211452932,0.14637179256327143,0.3230277695607641,0.10175925352274881,lending_club,1,2.0000000000297806,0.6018058232728011,0.052450035507760985,,,,
Imputation,0.23880318156858107,0.5907591562298707,0.9452173913043478,0.5,0.05241774369408901,0.1951115985081824,0.567378785932043,0.9585941261434762,0.5,0.04056266417095183,0.5073396464360248,0.6497434280640145,0.14240378162798972,0.27527991691103615,0.050920830551083644,lending_club,1,2.0000000000297806,0.6018058232728011,0.052450035507760985,,,,
Heckman(rho=-0.10),0.20259049454644942,0.699061702434901,0.9434782608695652,0.5040643876890427,0.05161077208728687,0.16424643791383986,0.6963311646595727,0.9585941261434762,0.5055628234029879,0.039339250785675677,0.4975946839322609,0.6405380848757795,0.14294340094351854,0.2443241428663191,0.024918562747282835,lending_club,1,2.0000000000297806,0.6018058232728011,0.052450035507760985,,,,
DCL(G=1),0.2077966420257301,0.6313446227582996,0.9452173913043478,0.5,0.051287873759797716,0.16889707091413844,0.6105089180381484,0.9585941261434762,0.5,0.03936365959529358,0.5321044490378288,0.670410837811365,0.13830638877353618,0.23328364898591963,0.00321815065041593,lending_club,1,2.0000000000297806,0.6018058232728011,0.052450035507760985,0.0,1.0,risk,two-sided
DCL-reg(G=1),0.2077966420257301,0.6313446227582996,0.9452173913043478,0.5,0.051287873759797716,0.16889707091413844,0.6105089180381484,0.9585941261434762,0.5,0.03936365959529358,0.5321044490378288,0.670410837811365,0.13830638877353618,0.23328364898591963,0.00321815065041593,lending_club,1,2.0000000000297806,0.6018058232728011,0.052450035507760985,0.0,1.0,regret,two-sided
DCL(G=1.5),0.20603173722311957,0.6411640536142222,0.9452173913043478,0.5,0.0510458567595126,0.16934241065711664,0.6179668975506057,0.9585941261434762,0.5,0.03937412282418083,0.531789364836545,0.6703023977126596,0.1385130328761146,0.230745353779997,0.003836652763014377,lending_club,1,2.0000000000297806,0.6018058232728011,0.052450035507760985,0.0,1.5,risk,two-sided
DCL-reg(G=1.5),0.20747173846497488,0.6327172662652577,0.9452173913043478,0.5,0.05125018916241756,0.16888901810327797,0.6114433555651595,0.9585941261434762,0.5,0.03935911361308955,0.5321134368454976,0.6704292453847874,0.13831580853928982,0.23283419251401918,0.0027686941785154758,lending_club,1,2.0000000000297806,0.6018058232728011,0.052450035507760985,0.0,1.5,regret,two-sided
DCL(G=2),0.2060770415581331,0.646726018084497,0.9452173913043478,0.5,0.051005139933279604,0.17094634829632016,0.6215002394496163,0.9585941261434762,0.5,0.03953075930744982,0.5312250105412868,0.6698768461190593,0.1386518355777725,0.2300654983355037,0.007373382508379021,lending_club,1,2.0000000000297806,0.6018058232728011,0.052450035507760985,0.0,2.0,risk,two-sided
DCL-reg(G=2),0.20695123683054073,0.6350796409060744,0.9452173913043478,0.5,0.051185927517177265,0.16895112670440354,0.613207106397393,0.9585941261434762,0.5,0.039357595507158685,0.532092264529431,0.6704319709376154,0.13833970640818438,0.23207427839121278,0.0020087800557090432,lending_club,1,2.0000000000297806,0.6018058232728011,0.052450035507760985,0.0,2.0,regret,two-sided
DCL(G=3),0.2091920979987239,0.6529418541071408,0.9452173913043478,0.5,0.051400228151969436,0.17607276154171303,0.6256000840993774,0.9585941261434762,0.5,0.040193348928429476,0.5301374943685614,0.6689734345180252,0.13883594014946377,0.2319146930368686,0.01577779191162199,lending_club,1,2.0000000000297806,0.6018058232728011,0.052450035507760985,0.0,3.0,risk,two-sided
DCL-reg(G=3),0.20624266875663191,0.6397995226575417,0.9452173913043478,0.5,0.05108159074157575,0.16945963826881313,0.6168922943945429,0.9585941261434762,0.5,0.039392050083983346,0.5319184565721716,0.670319494186456,0.13840103761428435,0.23081881009766947,0.003692584973242878,lending_club,1,2.0000000000297806,0.6018058232728011,0.052450035507760985,0.0,3.0,regret,two-sided
DCL(G=5),0.22073174750250443,0.6589873265739565,0.9452173913043478,0.5,0.053482180219616086,0.18951477880574044,0.6293378342074217,0.9585941261434762,0.5,0.04247564437854264,0.5284878610324191,0.667521903729208,0.13903404269678898,0.24152425972499778,0.0343544678554451,lending_club,1,2.0000000000297806,0.6018058232728011,0.052450035507760985,0.0,5.0,risk,two-sided
DCL-reg(G=5),0.20654334952574946,0.6464729065158381,0.9452173913043478,0.5,0.051064570944287534,0.17167499134152148,0.6212724703024074,0.9585941261434762,0.5,0.03961463883665498,0.5312884358615019,0.6698468373719247,0.13855840151042287,0.23011036297654827,0.008033916587408523,lending_club,1,2.0000000000297806,0.6018058232728011,0.052450035507760985,0.0,5.0,regret,two-sided
Manski(G=inf),0.5471801291270725,0.6766158983270298,0.9452173913043478,0.5,0.1792108904512639,0.5228730327365464,0.6355752047002208,0.9585941261434762,0.5,0.16763391033345934,0.4953302084308307,0.6355758632856596,0.14024565485482893,0.5540830821677206,0.3929198898303026,lending_club,1,2.0000000000297806,0.6018058232728011,0.052450035507760985,,,,
ORACLE(uncensored),0.2332479464728425,0.6189356658537891,0.9446376811594203,0.49969334559950934,0.05325633260041411,0.1846056392483462,0.630751170967026,0.9585941261434762,0.5,0.04036974576418317,0.5007107434815011,0.6413068908964398,0.14059614741493864,0.27257320977928406,0.04634582640946927,lending_club,1,2.0000000000297806,0.6018058232728011,0.052450035507760985,,,,
DCL-dir(G=1),0.2077966420257301,0.6313446227582996,0.9452173913043478,0.5,0.051287873759797716,0.16889707091413844,0.6105089180381484,0.9585941261434762,0.5,0.03936365959529358,0.5321044490378288,0.670410837811365,0.13830638877353618,0.23328364898591963,0.00321815065041593,lending_club,1,2.0000000000297806,0.6018058232728011,0.052450035507760985,0.0,1.0,risk,censored-higher
DCL-dir-reg(G=1),0.2077966420257301,0.6313446227582996,0.9452173913043478,0.5,0.051287873759797716,0.16889707091413844,0.6105089180381484,0.9585941261434762,0.5,0.03936365959529358,0.5321044490378288,0.670410837811365,0.13830638877353618,0.23328364898591963,0.0032181506504159294,lending_club,1,2.0000000000297806,0.6018058232728011,0.052450035507760985,0.0,1.0,regret,censored-higher
DCL-dir(G=1.5),0.20603173722311957,0.6411640536142222,0.9452173913043478,0.5,0.0510458567595126,0.16934241065711664,0.6179668975506057,0.9585941261434762,0.5,0.03937412282418083,0.531789364836545,0.6703023977126596,0.1385130328761146,0.230745353779997,0.003836652763014377,lending_club,1,2.0000000000297806,0.6018058232728011,0.052450035507760985,0.0,1.5,risk,censored-higher
DCL-dir-reg(G=1.5),0.2066594919790171,0.6367216210822467,0.9452173913043478,0.5,0.051144099807407084,0.1689358401340044,0.6142174669734737,0.9585941261434762,0.5,0.039349705769375465,0.5320236095851864,0.6704402701453994,0.13841666056021307,0.23175957759937837,0.002319326224001145,lending_club,1,2.0000000000297806,0.6018058232728011,0.052450035507760985,0.0,1.5,regret,censored-higher
DCL-dir(G=2),0.2060770415581331,0.646726018084497,0.9452173913043478,0.5,0.051005139933279604,0.17094634829632016,0.6215002394496163,0.9585941261434762,0.5,0.03953075930744982,0.5312250105412868,0.6698768461190593,0.1386518355777725,0.2300654983355037,0.007373382508379021,lending_club,1,2.0000000000297806,0.6018058232728011,0.052450035507760985,0.0,2.0,risk,censored-higher
DCL-dir-reg(G=2),0.20609551196698028,0.6406124001953502,0.9452173913043478,0.5,0.05105724309573903,0.16930587657720353,0.6174996787871001,0.9585941261434762,0.5,0.039372442771296645,0.5318304892291351,0.6703228207567551,0.13849233152761997,0.2308264963302237,0.0036663756282420148,lending_club,1,2.0000000000297806,0.6018058232728011,0.052450035507760985,0.0,2.0,regret,censored-higher
DCL-dir(G=3),0.2091920979987239,0.6529418541071408,0.9452173913043478,0.5,0.051400228151969436,0.17607276154171303,0.6256000840993774,0.9585941261434762,0.5,0.040193348928429476,0.5301374943685614,0.6689734345180252,0.13883594014946377,0.2319146930368686,0.01577779191162199,lending_club,1,2.0000000000297806,0.6018058232728011,0.052450035507760985,0.0,3.0,risk,censored-higher
DCL-dir-reg(G=3),0.2060253410665369,0.645747644521027,0.9452173913043478,0.5,0.051008019899906006,0.17064093371410624,0.6208694941188837,0.9585941261434762,0.5,0.03949849849605826,0.5313659187751285,0.6699731080993646,0.1386071893242361,0.2300883694860327,0.006649947928650929,lending_club,1,2.0000000000297806,0.6018058232728011,0.052450035507760985,0.0,3.0,regret,censored-higher
DCL-dir(G=5),0.22073174750250443,0.6589873265739565,0.9452173913043478,0.5,0.053482180219616086,0.18951477880574044,0.6293378342074217,0.9585941261434762,0.5,0.04247564437854264,0.5284878610324191,0.667521903729208,0.13903404269678898,0.24152425972499778,0.0343544678554451,lending_club,1,2.0000000000297806,0.6018058232728011,0.052450035507760985,0.0,5.0,risk,censored-higher
DCL-dir-reg(G=5),0.20801086321606838,0.6511749406566947,0.9452173913043478,0.5,0.0512252523383819,0.17441421784309485,0.6245605223505775,0.9585941261434762,0.5,0.03995344894594621,0.5304802613346843,0.669255413783015,0.13877515244833072,0.230991141234333,0.012950499370292233,lending_club,1,2.0000000000297806,0.6018058232728011,0.052450035507760985,0.0,5.0,regret,censored-higher
ERM-observed,0.2548421282703569,0.6003509518969259,0.947536231884058,0.5021977418202797,0.051205014839652514,0.20720185944053343,0.6010716231761215,0.9589966232513266,0.4994974874371859,0.040190476014944215,0.560472358844486,0.6955170874881366,0.13504472864365058,0.2957529769350885,0.07095727398419739,lending_club,2,1.9999999999384956,0.6016029217814751,0.052450035507760985,,,,
IPW,0.26503596199887897,0.5735367847037169,0.947536231884058,0.5048539188483833,0.05124512644136537,0.2142157838960062,0.570648422837077,0.9585142305836951,0.4992462311557789,0.04000793604919789,0.5548299076957139,0.692040771807326,0.1372108641116121,0.30279021279864005,0.07766918298537968,lending_club,2,1.9999999999384956,0.6016029217814751,0.052450035507760985,,,,
AIPW,0.2774467059445967,0.5697722933435894,0.9481159420289855,0.49984718826405866,0.051869512067433045,0.22174177269373446,0.5858539686383726,0.9599614085865895,0.5,0.041218734227638255,0.5291376127644007,0.6747887476578777,0.14565113489347692,0.3073272602279338,0.08881894739266058,lending_club,2,1.9999999999384956,0.6016029217814751,0.052450035507760985,,,,
Imputation,0.24211794502205758,0.5824994505645449,0.9484057971014492,0.5,0.05028482674422372,0.18947355991012219,0.6046194829569533,0.9599614085865895,0.5,0.039691179766137376,0.5459659416249392,0.6854107179412104,0.13944477631627128,0.26789371580069754,0.0465483952975422,lending_club,2,1.9999999999384956,0.6016029217814751,0.052450035507760985,,,,
Heckman(rho=+0.02),0.1992729864305262,0.644707562979039,0.9481159420289855,0.5025033652921623,0.048832010027871985,0.1648227369462095,0.6452927287037598,0.9599614085865895,0.5,0.03848048395729631,0.5251696709960239,0.6646612824644094,0.1394916114683855,0.24213170466686224,0.02103286753223201,lending_club,2,1.9999999999384956,0.6016029217814751,0.052450035507760985,,,,
DCL(G=1),0.1979378838603703,0.6347232905689404,0.9484057971014492,0.5,0.04839611978039304,0.16464943231076026,0.629351577162923,0.9599614085865895,0.5,0.038262094976143864,0.5807024662130232,0.7118399410784605,0.13113747486543725,0.2300918871298637,0.003239571343009182,lending_club,2,1.9999999999384956,0.6016029217814751,0.052450035507760985,0.0,1.0,risk,two-sided
DCL-reg(G=1),0.1979378838603703,0.6347232905689404,0.9484057971014492,0.5,0.04839611978039304,0.16464943231076026,0.629351577162923,0.9599614085865895,0.5,0.038262094976143864,0.5807024662130232,0.7118399410784605,0.13113747486543725,0.2300918871298637,0.003239571343009182,lending_club,2,1.9999999999384956,0.6016029217814751,0.052450035507760985,0.0,1.0,regret,two-sided
DCL(G=1.5),0.19739662467676056,0.6388183016950083,0.9484057971014492,0.5,0.048389988707800854,0.16547063159885012,0.6343040503723437,0.9599614085865895,0.5,0.03841864376987804,0.5805902640306093,0.7116311885106918,0.13104092448008253,0.2275333292063569,0.003930156908690088,lending_club,2,1.9999999999384956,0.6016029217814751,0.052450035507760985,0.0,1.5,risk,two-sided
DCL-reg(G=1.5),0.19775778661519636,0.6353156506689377,0.9484057971014492,0.5,0.04838220314353243,0.16467061708925199,0.6302657867651511,0.9599614085865895,0.5,0.03827053822378259,0.580726457594271,0.7118340424789684,0.13110758488469743,0.22964660111037177,0.0027942853235172252,lending_club,2,1.9999999999384956,0.6016029217814751,0.052450035507760985,0.0,1.5,regret,two-sided
DCL(G=2),0.1983604494564072,0.6414538748935469,0.9484057971014492,0.5,0.04858568922165483,0.16732140118184669,0.6377792577344554,0.9599614085865895,0.5,0.03871517485970588,0.5801924109404393,0.7112166978868052,0.13102428694636592,0.22685231578685452,0.00751489659441016,lending_club,2,1.9999999999384956,0.6016029217814751,0.052450035507760985,0.0,2.0,risk,two-sided
DCL-reg(G=2),0.1975026612114673,0.6364093706216861,0.9484057971014492,0.5,0.04836426616775311,0.1647829160753165,0.6315250953562996,0.9599614085865895,0.5,0.03829396796220629,0.5807420216341126,0.7118052463261015,0.13106322469198894,0.22889378251662462,0.002041466729947362,lending_club,2,1.9999999999384956,0.6016029217814751,0.052450035507760985,0.0,2.0,regret,two-sided
DCL(G=3),0.2027666721924018,0.6443057883025192,0.9484057971014492,0.5,0.04942311970290262,0.17272390485636507,0.6409820185263668,0.9599614085865895,0.5,0.03962854607946154,0.5792835252436469,0.7103453103155,0.13106178507185307,0.2286846932288829,0.015950025771625232,lending_club,2,1.9999999999384956,0.6016029217814751,0.052450035507760985,0.0,3.0,risk,two-sided
DCL-reg(G=3),0.19734200082514206,0.6382877530837066,0.9484057971014492,0.5,0.04836816160775017,0.1653780099564705,0.6338197009142097,0.9599614085865895,0.5,0.03838483063672976,0.5806694419916252,0.7116581256196468,0.13098868362802163,0.22764742334202054,0.003705123333982035,lending_club,2,1.9999999999384956,0.6016029217814751,0.052450035507760985,0.0,3.0,regret,two-sided
DCL(G=5),0.21567157030854522,0.6472272396362737,0.9484057971014492,0.5,0.052181742979102476,0.1862715280137888,0.6446994006175455,0.9599614085865895,0.5,0.042280682711455776,0.577718216270144,0.7089114972519044,0.13119328098176042,0.23809203202086693,0.03430745613509246,lending_club,2,1.9999999999384956,0.6016029217814751,0.052450035507760985,0.0005797101449275362,5.0,risk,two-sided
DCL-reg(G=5),0.19846772704808488,0.6414298370923875,0.9484057971014492,0.5,0.04855408775333443,0.167657560328256,0.6379245625718956,0.9599614085865895,0.5,0.03870550279678169,0.580241608397573,0.7111893991155227,0.1309477907179497,0.22691530353016576,0.007946402448163418,lending_club,2,1.9999999999384956,0.6016029217814751,0.052450035507760985,0.0,5.0,regret,two-sided
Manski(G=inf),0.5491711247810259,0.6451393849070081,0.9484057971014492,0.5,0.1806243491310749,0.524374986889091,0.6522794696373434,0.9599614085865895,0.5,0.16887427473003713,0.5254555007387055,0.6595961552913348,0.13414065455262925,0.554275907086257,0.3954966400461666,lending_club,2,1.9999999999384956,0.6016029217814751,0.052450035507760985,,,,
ORACLE(uncensored),0.22602089322896146,0.5843864179555507,0.947536231884058,0.5021977418202797,0.05040068491591065,0.1831524092774745,0.5914330689592541,0.9599614085865895,0.5057728401041351,0.039452526791095906,0.5330441723559912,0.6701723260416063,0.13712815368561504,0.2645284009913434,0.041047509153915855,lending_club,2,1.9999999999384956,0.6016029217814751,0.052450035507760985,,,,
DCL-dir(G=1),0.1979378838603703,0.6347232905689404,0.9484057971014492,0.5,0.04839611978039304,0.16464943231076026,0.629351577162923,0.9599614085865895,0.5,0.038262094976143864,0.5807024662130232,0.7118399410784605,0.13113747486543725,0.2300918871298637,0.003239571343009182,lending_club,2,1.9999999999384956,0.6016029217814751,0.052450035507760985,0.0,1.0,risk,censored-higher
DCL-dir-reg(G=1),0.1979378838603703,0.6347232905689404,0.9484057971014492,0.5,0.04839611978039304,0.16464943231076026,0.629351577162923,0.9599614085865895,0.5,0.038262094976143864,0.5807024662130232,0.7118399410784605,0.13113747486543725,0.2300918871298637,0.003239571343009182,lending_club,2,1.9999999999384956,0.6016029217814751,0.052450035507760985,0.0,1.0,regret,censored-higher
DCL-dir(G=1.5),0.19739662467676056,0.6388183016950083,0.9484057971014492,0.5,0.048389988707800854,0.16547063159885012,0.6343040503723437,0.9599614085865895,0.5,0.03841864376987804,0.5805902640306093,0.7116311885106918,0.13104092448008253,0.2275333292063569,0.003930156908690088,lending_club,2,1.9999999999384956,0.6016029217814751,0.052450035507760985,0.0,1.5,risk,censored-higher
DCL-dir-reg(G=1.5),0.19743406357407958,0.6370257685228428,0.9484057971014492,0.5,0.04836424541170918,0.16488359960490154,0.6322334564388206,0.9599614085865895,0.5,0.038317839563085564,0.5807115646977905,0.7117897551061733,0.13107819040838276,0.22855561326714438,0.0023799974489693444,lending_club,2,1.9999999999384956,0.6016029217814751,0.052450035507760985,0.0,1.5,regret,censored-higher
DCL-dir(G=2),0.1983604494564072,0.6414538748935469,0.9484057971014492,0.5,0.04858568922165483,0.16732140118184669,0.6377792577344554,0.9599614085865895,0.5,0.03871517485970588,0.5801924109404393,0.7112166978868052,0.13102428694636592,0.22685231578685452,0.00751489659441016,lending_club,2,1.9999999999384956,0.6016029217814751,0.052450035507760985,0.0,2.0,risk,censored-higher
DCL-dir-reg(G=2),0.1973734382401712,0.6385418669816763,0.9484057971014492,0.5,0.048381911012437495,0.16539094901925908,0.63405582127505,0.9599614085865895,0.5,0.038402940664277366,0.5806156360344361,0.7116521064793855,0.13103647044494937,0.22761983755080628,0.003745059008178873,lending_club,2,1.9999999999384956,0.6016029217814751,0.052450035507760985,0.0,2.0,regret,censored-higher
DCL-dir(G=3),0.2027666721924018,0.6443057883025192,0.9484057971014492,0.5,0.04942311970290262,0.17272390485636507,0.6409820185263668,0.9599614085865895,0.5,0.03962854607946154,0.5792835252436469,0.7103453103155,0.13106178507185307,0.2286846932288829,0.015950025771625232,lending_club,2,1.9999999999384956,0.6016029217814751,0.052450035507760985,0.0,3.0,risk,censored-higher
DCL-dir-reg(G=3),0.19805650254401003,0.6409353451828246,0.9484057971014492,0.5,0.048519285451305544,0.16689530016965545,0.6370951141248411,0.9599614085865895,0.5,0.038635210480334255,0.5803022099622313,0.7113104135045148,0.1310082035422836,0.22687870089419893,0.006737338149281672,lending_club,2,1.9999999999384956,0.6016029217814751,0.052450035507760985,0.0,3.0,regret,censored-higher
DCL-dir(G=5),0.21567157030854522,0.6472272396362737,0.9484057971014492,0.5,0.052181742979102476,0.1862715280137888,0.6446994006175455,0.9599614085865895,0.5,0.042280682711455776,0.577718216270144,0.7089114972519044,0.13119328098176042,0.23809203202086693,0.03430745613509246,lending_club,2,1.9999999999384956,0.6016029217814751,0.052450035507760985,0.0005797101449275362,5.0,risk,censored-higher
DCL-dir-reg(G=5),0.20096637488010277,0.6434490123897695,0.9484057971014492,0.5,0.04902961667463379,0.17078446230814684,0.639783253617485,0.9599614085865895,0.5,0.039244642399836084,0.5795877896677205,0.7106188980868029,0.1310311084190824,0.22773908144243077,0.012965998644092869,lending_club,2,1.9999999999384956,0.6016029217814751,0.052450035507760985,0.0,5.0,regret,censored-higher
ERM-observed,0.2774180527451544,0.8281468570932157,0.9076190476190477,0.5768613821224411,0.07346738805454589,0.19345014779150047,0.8096998695084819,0.9432809773123909,0.5254216809240733,0.04661673715084335,0.6917311139892262,0.8468418876015172,0.1551107736122911,0.40413123121110195,0.11140732266423295,mimic_sim,0,2.500000000231466,0.5506666666666666,0.09033333333333333,,,,
IPW,0.28907202423248635,0.819896696857743,0.909047619047619,0.5799963198854103,0.07492426244935334,0.20353866382262412,0.7945604369049344,0.9445898778359512,0.5344231791600212,0.04775323174755761,0.6881498552584671,0.8445698713775813,0.15642001611911427,0.4153473668946688,0.12270823298894569,mimic_sim,0,2.500000000231466,0.5506666666666666,0.09033333333333333,,,,
AIPW,0.3023331331273796,0.7777840101073186,0.9088095238095238,0.570469406140319,0.07224887582911148,0.20818787027839103,0.7493757350216681,0.9463350785340314,0.5311850563046736,0.0461887981916648,0.6352007461816527,0.8236210867258481,0.18842034054419543,0.4033860474136755,0.11785851968099206,mimic_sim,0,2.500000000231466,0.5506666666666666,0.09033333333333333,,,,
Imputation,0.24957748428844145,0.823476942166794,0.9097619047619048,0.5110943826265757,0.07015314803542332,0.1718901340862724,0.8048608090474121,0.9493891797556719,0.503697259678121,0.043791416158725865,0.6792436333298475,0.8431893065754091,0.16394567324556164,0.34032236337413063,0.045898499455287095,mimic_sim,0,2.500000000231466,0.5506666666666666,0.09033333333333333,,,,
Heckman(rho=+0.31),0.23044726748816588,0.8674447350078083,0.91,0.5100508854506192,0.06807911926579094,0.1531323188843751,0.8621461827203453,0.9502617801047121,0.5,0.04131212728509175,0.6823396115914389,0.8397969861479652,0.1574573745565263,0.34966645635326044,0.05131568252404948,mimic_sim,0,2.500000000231466,0.5506666666666666,0.09033333333333333,,,,
DCL(G=1),0.23704951258614038,0.8471801634983253,0.9088095238095238,0.5023489802046773,0.06967317347165997,0.16096487431862477,0.8341549465951381,0.949825479930192,0.4997704315886134,0.04263249187774715,0.7085029271984835,0.8567218270576511,0.14821889985916759,0.31504253261947196,0.013196029764601972,mimic_sim,0,2.500000000231466,0.5506666666666666,0.09033333333333333,0.0,1.0,risk,two-sided
DCL-reg(G=1),0.23704951258614038,0.8471801634983253,0.9088095238095238,0.5023489802046773,0.06967317347165997,0.16096487431862477,0.8341549465951381,0.949825479930192,0.4997704315886134,0.04263249187774715,0.7085029271984835,0.8567218270576511,0.14821889985916759,0.31504253261947196,0.013196029764601972,mimic_sim,0,2.500000000231466,0.5506666666666666,0.09033333333333333,0.0,1.0,regret,two-sided
DCL(G=1.5),0.23443352421421948,0.8491980701971598,0.9088095238095238,0.5,0.06841340732895063,0.16241394861324016,0.8360780854799994,0.9502617801047121,0.5,0.04277510500077947,0.7085412152825138,0.8566517789240716,0.14811056364155784,0.30649798168676334,0.013184231357977012,mimic_sim,0,2.500000000231466,0.5506666666666666,0.09033333333333333,0.005,1.5,risk,two-sided
DCL-reg(G=1.5),0.23675001747217905,0.847363485191643,0.9088095238095238,0.5023489802046773,0.0695567357006293,0.1610461181878881,0.8343603499105892,0.949825479930192,0.4997704315886134,0.04262308035508445,0.7085257556911287,0.8567141869868898,0.1481884312957611,0.3139955710863188,0.012149068231448908,mimic_sim,0,2.500000000231466,0.5506666666666666,0.09033333333333333,0.0,1.5,regret,two-sided
DCL(G=2),0.23562215782145515,0.8503841889143731,0.9088095238095238,0.5,0.06834800359864565,0.16551767792504682,0.8371594735231098,0.9502617801047121,0.5,0.043379276856289166,0.7084634627862837,0.8565330527425697,0.14806958995628605,0.30292208795341163,0.021740723296402188,mimic_sim,0,2.500000000231466,0.5506666666666666,0.09033333333333333,0.008095238095238095,2.0,risk,two-sided
DCL-reg(G=2),0.23631861805853863,0.8477431252654916,0.9088095238095238,0.5023489802046773,0.06936238863384474,0.16129061953074725,0.8348033766694054,0.949825479930192,0.4997704315886134,0.04262092173518544,0.7085605240962874,0.8566964512867504,0.14813592719046298,0.31216892355932385,0.010322420704453812,mimic_sim,0,2.500000000231466,0.5506666666666666,0.09033333333333333,0.0,2.0,regret,two-sided
DCL(G=3),0.24265452253793435,0.8517146392632656,0.9088095238095238,0.5,0.0699359537692782,0.17360408864783325,0.8385570215713757,0.9502617801047121,0.5,0.04524232488835886,0.7081591514059266,0.8562040055086255,0.14804485410269896,0.30265041519870417,0.038351836573210146,mimic_sim,0,2.500000000231466,0.5506666666666666,0.09033333333333333,0.025952380952380952,3.0,risk,two-sided
DCL-reg(G=3),0.23596118129817462,0.8485537081258709,0.9088095238095238,0.5023489802046773,0.06905173443712727,0.16224549712097114,0.8356854026710486,0.949825479930192,0.4997704315886134,0.04269075448595409,0.7086007372600583,0.8566469206620333,0.14804618340197495,0.30879956696478783,0.010084710360051562,mimic_sim,0,2.500000000231466,0.5506666666666666,0.09033333333333333,0.0,3.0,regret,two-sided
DCL(G=5),0.2614535216939229,0.8526514267968432,0.9088095238095238,0.5,0.07542398918151781,0.19134999785255702,0.8406050134519033,0.9502617801047121,0.5,0.049973401877766964,0.70735732774996,0.8553074951716972,0.14795016742173728,0.31157784958312873,0.06694021580164732,mimic_sim,0,2.500000000231466,0.5506666666666666,0.09033333333333333,0.05333333333333334,5.0,risk,two-sided
DCL-reg(G=5),0.2371820882147531,0.8499039955236675,0.9088095238095238,0.5023489802046773,0.06890470453412338,0.16526856353966693,0.8369621252396372,0.949825479930192,0.4997704315886134,0.043075837401610174,0.7085698970541522,0.8565289956931352,0.14795909863898304,0.304952960302762,0.016556676206474143,mimic_sim,0,2.500000000231466,0.5506666666666666,0.09033333333333333,0.0,5.0,regret,two-sided
Manski(G=inf),0.5732424886777016,0.760856851066857,0.9088095238095238,0.5,0.19353606713557292,0.5313655580624693,0.7837546115058078,0.9502617801047121,0.5,0.17417880900461763,0.6388820004936214,0.7520291747748752,0.11314717428125376,0.5788204845725221,0.3920712066904365,mimic_sim,0,2.500000000231466,0.5506666666666666,0.09033333333333333,,,,
ORACLE(uncensored),0.24435927103985192,0.8354810928982681,0.9076190476190477,0.5897807732481662,0.06949740589116751,0.1673073388644732,0.8245332108968474,0.9472076788830716,0.5441133826301291,0.043796885169390516,0.6797045599867876,0.8380053828527716,0.15830082286598401,0.3578509840200432,0.07275081852912482,mimic_sim,0,2.500000000231466,0.5506666666666666,0.09033333333333333,,,,
DCL-dir(G=1),0.23704951258614038,0.8471801634983253,0.9088095238095238,0.5023489802046773,0.06967317347165997,0.16096487431862477,0.8341549465951381,0.949825479930192,0.4997704315886134,0.04263249187774715,0.7085029271984835,0.8567218270576511,0.14821889985916759,0.31504253261947196,0.013196029764601972,mimic_sim,0,2.500000000231466,0.5506666666666666,0.09033333333333333,0.0,1.0,risk,censored-higher
DCL-dir-reg(G=1),0.23704951258614038,0.8471801634983253,0.9088095238095238,0.5023489802046773,0.06967317347165997,0.16096487431862477,0.8341549465951381,0.949825479930192,0.4997704315886134,0.04263249187774715,0.7085029271984835,0.8567218270576511,0.14821889985916759,0.31504253261947196,0.013196029764601972,mimic_sim,0,2.500000000231466,0.5506666666666666,0.09033333333333333,0.0,1.0,regret,censored-higher
DCL-dir(G=1.5),0.23443844255457552,0.8491946500163143,0.9088095238095238,0.5023489802046773,0.06841582709717581,0.16241431699971476,0.8360760717220047,0.949825479930192,0.4997704315886134,0.042775289193973026,0.7085434230521043,0.8566531246913531,0.14810970163924886,0.30651048631342415,0.013171903047754991,mimic_sim,0,2.500000000231466,0.5506666666666666,0.09033333333333333,0.004047619047619047,1.5,risk,censored-higher
DCL-dir-reg(G=1.5),0.2351533065966932,0.8482602566093286,0.9095238095238095,0.5062654292908392,0.06887916985199607,0.16140980756737322,0.8352262658482754,0.949825479930192,0.4997704315886134,0.04264162261982504,0.7085484123266181,0.8566991751601116,0.1481507628334935,0.3101825518501261,0.009715882358820947,mimic_sim,0,2.500000000231466,0.5506666666666666,0.09033333333333333,0.0,1.5,regret,censored-higher
DCL-dir(G=2),0.2356270761618112,0.8503746124080056,0.9088095238095238,0.5023489802046773,0.06835042336687082,0.16551804631152145,0.8371554460071207,0.949825479930192,0.4997704315886134,0.043379461049482725,0.7084681559279163,0.8565362408418076,0.14806808491389123,0.3029345925800725,0.021728394986180167,mimic_sim,0,2.500000000231466,0.5506666666666666,0.09033333333333333,0.007142857142857143,2.0,risk,censored-higher
DCL-dir-reg(G=2),0.23453911110611583,0.8490551066378187,0.9102380952380953,0.5125308585816784,0.06847225223355491,0.1623196151904577,0.8359753838222738,0.9493891797556719,0.503697259678121,0.04276795185139834,0.7085525674690452,0.856659240797208,0.14810667332816285,0.3071305704163986,0.01242294844303197,mimic_sim,0,2.500000000231466,0.5506666666666666,0.09033333333333333,0.0,2.0,regret,censored-higher
DCL-dir(G=3),0.24265944087829044,0.8517084829377439,0.9088095238095238,0.5023489802046773,0.06993837353750337,0.17360445703430788,0.838544939023408,0.949825479930192,0.4997704315886134,0.04524250908155242,0.7081822518590593,0.8562236909936509,0.14804143913459167,0.30266291982536503,0.03833950826298812,mimic_sim,0,2.500000000231466,0.5506666666666666,0.09033333333333333,0.025,3.0,risk,censored-higher
DCL-dir-reg(G=3),0.23517172576753043,0.8500968937233525,0.9104761904761904,0.5208832822244309,0.06826602036071994,0.1647669075198033,0.8369339326277125,0.9493891797556719,0.507853656179015,0.04320005723283125,0.7085079790753972,0.8565669691680733,0.1480589900926761,0.3039619183744717,0.019048695642735296,mimic_sim,0,2.500000000231466,0.5506666666666666,0.09033333333333333,0.0,3.0,regret,censored-higher
DCL-dir(G=5),0.261458440034279,0.8526582671585341,0.9088095238095238,0.5023489802046773,0.07542640894974297,0.19135036623903165,0.8405707795659949,0.949825479930192,0.4997704315886134,0.04997358607096053,0.707416861154568,0.8553644282520282,0.14794756709746015,0.3115903542097896,0.06692788749142531,mimic_sim,0,2.500000000231466,0.5506666666666666,0.09033333333333333,0.05238095238095238,5.0,risk,censored-higher
DCL-dir-reg(G=5),0.23912666440110644,0.8513336311170789,0.9116666666666666,0.5368066181867432,0.06885071930775472,0.17031720814651422,0.8380938572326133,0.9485165794066318,0.5073945193562418,0.04432078828010813,0.7083566213915719,0.856391047066064,0.1480344256744921,0.3026491420435091,0.030346894126916324,mimic_sim,0,2.500000000231466,0.5506666666666666,0.09033333333333333,0.0,5.0,regret,censored-higher
ERM-observed,0.3062181710421526,0.8273446035849894,0.9085714285714286,0.5699743620255082,0.07592426601194374,0.1773583339901179,0.8257964433043299,0.9530779164873009,0.52636755988491,0.040732647608747126,0.6998695216160828,0.8533101628802514,0.15344064126416856,0.38280768539603577,0.11324029958691652,mimic_sim,1,2.5000000000039813,0.55325,0.09316666666666666,,,,
IPW,0.3141159620247226,0.8228701279735182,0.9078571428571428,0.5591634123386809,0.07639997240266116,0.18416918497744822,0.8169610358096162,0.9500645716745587,0.5110431760668354,0.04161584458269529,0.6931082820958492,0.8502791835624547,0.1571709014666055,0.39359861869053464,0.12303883707577663,mimic_sim,1,2.5000000000039813,0.55325,0.09316666666666666,,,,
AIPW,0.3210159901388569,0.7704035546997543,0.9078571428571428,0.5487459568806049,0.07367680392487644,0.19708848008557908,0.7341881304815059,0.9535083943176926,0.5220105210247166,0.04061763842885224,0.646666286169818,0.8323761975824244,0.1857099114126064,0.36696715617582043,0.1024105937892874,mimic_sim,1,2.5000000000039813,0.55325,0.09316666666666666,,,,
Imputation,0.2595349197201997,0.8197343440681084,0.9104761904761904,0.5328263432892332,0.07134827894779303,0.16156555918385027,0.812502166603113,0.9560912613000431,0.5187801157832703,0.03914346854449147,0.684890133017326,0.8485797615308418,0.16368962851351576,0.3124068850471376,0.043729321827456744,mimic_sim,1,2.5000000000039813,0.55325,0.09316666666666666,,,,
Heckman(rho=+0.33),0.2441009129570793,0.8645805162211574,0.9080952380952381,0.5025773195876289,0.07161670140728596,0.1428500824423873,0.8730500571983222,0.9552303056392596,0.5,0.038442032952929125,0.6856456155275328,0.8415250683104006,0.15587945278286786,0.32656266676185614,0.05442328012451302,mimic_sim,1,2.5000000000039813,0.55325,0.09316666666666666,,,,
DCL(G=1),0.24387642072329446,0.8444872945987171,0.9088095238095238,0.5214907346307375,0.07143889460829762,0.1494849931704604,0.8402043540056159,0.9539388721480844,0.4993240198287517,0.03907064276090767,0.7141110892153796,0.8616696455365465,0.14755855632116688,0.2873509859090689,0.011752756575213862,mimic_sim,1,2.5000000000039813,0.55325,0.09316666666666666,0.0,1.0,risk,two-sided
DCL-reg(G=1),0.24387642072329446,0.8444872945987171,0.9088095238095238,0.5214907346307375,0.07143889460829762,0.1494849931704604,0.8402043540056159,0.9539388721480844,0.4993240198287517,0.03907064276090767,0.7141110892153796,0.8616696455365465,0.14755855632116688,0.2873509859090689,0.011752756575213862,mimic_sim,1,2.5000000000039813,0.55325,0.09316666666666666,0.0,1.0,regret,two-sided
DCL(G=1.5),0.2388931401078558,0.8459226695946604,0.9083333333333333,0.5119684447377246,0.06994198677044243,0.14970725767163245,0.8416646445037612,0.9543693499784761,0.4995493465525011,0.038882654166158756,0.71429485093194,0.8615008554301306,0.14720600449819055,0.2798434359752744,0.011409734695845965,mimic_sim,1,2.5000000000039813,0.55325,0.09316666666666666,0.008095238095238095,1.5,risk,two-sided
DCL-reg(G=1.5),0.2432430997535997,0.844687422247704,0.9088095238095238,0.5214907346307375,0.07127953844095748,0.1494516860146748,0.8403603494297501,0.9539388721480844,0.4993240198287517,0.03903468255332337,0.7141571617858479,0.8616514052443945,0.14749424345854667,0.2864017790730832,0.010803549739228284,mimic_sim,1,2.5000000000039813,0.55325,0.09316666666666666,0.0,1.5,regret,two-sided
DCL(G=2),0.23768676406067438,0.8466603022468385,0.9073809523809524,0.5044988154606722,0.06936774260975828,0.1517180805983291,0.842474954068014,0.9552303056392596,0.5,0.03913683788879002,0.7142334446621676,0.861280131796721,0.14704668713455338,0.2767166379437918,0.01862281388808196,mimic_sim,1,2.5000000000039813,0.55325,0.09316666666666666,0.016428571428571428,2.0,risk,two-sided
DCL-reg(G=2),0.2421820723632118,0.8450038402873183,0.9088095238095238,0.5214907346307375,0.07099743433163455,0.1494788414140283,0.8407070059278262,0.9539388721480844,0.4993240198287517,0.03897881066707265,0.7142267202169095,0.86161555086949,0.14738883065258057,0.2847445677055949,0.009146338371739785,mimic_sim,1,2.5000000000039813,0.55325,0.09316666666666666,0.0,2.0,regret,two-sided
DCL(G=3),0.24035489080548522,0.8472262037407644,0.9073809523809524,0.5033413204097749,0.06964405479759156,0.1578116900524709,0.8431379346205844,0.9552303056392596,0.5,0.040212242600881735,0.7139082433868575,0.8608289500521928,0.1469207066653353,0.2764923598649936,0.03294907171803159,mimic_sim,1,2.5000000000039813,0.55325,0.09316666666666666,0.026904761904761904,3.0,risk,two-sided
DCL-reg(G=3),0.24044383810583367,0.8456319436180916,0.9088095238095238,0.5214907346307375,0.07046445682043831,0.14995345836699028,0.8413613200679446,0.9539388721480844,0.4993240198287517,0.03891488245931991,0.7143263972827139,0.8615231697611025,0.1471967724783887,0.2816894358893226,0.008928383457222635,mimic_sim,1,2.5000000000039813,0.55325,0.09316666666666666,0.0,3.0,regret,two-sided
DCL(G=5),0.2527695879236378,0.847599414761848,0.9073809523809524,0.4998688352570829,0.0726917226209187,0.17263027507590348,0.8437749159357993,0.9552303056392596,0.5,0.04353121305922329,0.7129175675235718,0.8597769176155131,0.1468593500919413,0.2848138915176761,0.058716132523204165,mimic_sim,1,2.5000000000039813,0.55325,0.09316666666666666,0.045,5.0,risk,two-sided
DCL-reg(G=5),0.2393196104305995,0.8464736967362966,0.9088095238095238,0.5214907346307375,0.06985120141904536,0.1521632561247455,0.8422062952820051,0.9539388721480844,0.4993240198287517,0.039025977116393225,0.7143581485855908,0.8613287434375303,0.14697059485193953,0.27825167067859424,0.014915793199997193,mimic_sim,1,2.5000000000039813,0.55325,0.09316666666666666,0.0,5.0,regret,two-sided
Manski(G=inf),0.5591029197763646,0.7511547906232083,0.9076190476190477,0.5,0.18717062192589023,0.5113707096741998,0.7820483932471315,0.9552303056392596,0.5,0.16524094781433585,0.6351880042450936,0.7502296881942545,0.11504168394916092,0.5640773625765352,0.39551872590262743,mimic_sim,1,2.5000000000039813,0.55325,0.09316666666666666,,,,
ORACLE(uncensored),0.25209634244461365,0.840231877630056,0.9019047619047619,0.5825066799363918,0.07327927442511738,0.1549121677329552,0.8440782403716157,0.9457597933706414,0.5225370055811696,0.04214985611484633,0.6827152497299207,0.8407892589151852,0.15807400918526449,0.32831297440739016,0.06955784534570025,mimic_sim,1,2.5000000000039813,0.55325,0.09316666666666666,,,,
DCL-dir(G=1),0.24387642072329446,0.8444872945987171,0.9088095238095238,0.5214907346307375,0.07143889460829762,0.1494849931704604,0.8402043540056159,0.9539388721480844,0.4993240198287517,0.03907064276090767,0.7141110892153796,0.8616696455365465,0.14755855632116688,0.2873509859090689,0.011752756575213862,mimic_sim,1,2.5000000000039813,0.55325,0.09316666666666666,0.0,1.0,risk,censored-higher
DCL-dir-reg(G=1),0.24387642072329446,0.8444872945987171,0.9088095238095238,0.5214907346307375,0.07143889460829762,0.1494849931704604,0.8402043540056159,0.9539388721480844,0.4993240198287517,0.03907064276090767,0.7141110892153796,0.8616696455365465,0.14755855632116688,0.2873509859090689,0.011752756575213862,mimic_sim,1,2.5000000000039813,0.55325,0.09316666666666666,0.0,1.0,regret,censored-higher
DCL-dir(G=1.5),0.2389200665311194,0.8459172607392824,0.9088095238095238,0.5214907346307375,0.06994018492028743,0.1498910555775099,0.8416603112975353,0.9539388721480844,0.4993240198287517,0.03897295413114512,0.7143025813499506,0.8615073778162899,0.14720479646633933,0.2800409240000778,0.011249148503953539,mimic_sim,1,2.5000000000039813,0.55325,0.09316666666666666,0.004761904761904762,1.5,risk,censored-higher
DCL-dir-reg(G=1.5),0.24089149836056076,0.8453270193961553,0.9097619047619048,0.5312753540095845,0.07057399348126686,0.14947462859763366,0.840979997920061,0.9547998278088679,0.5089394044441363,0.0389942762648846,0.7142442727365049,0.8615990092843189,0.14735473654781395,0.2833551717468961,0.00877751202889425,mimic_sim,1,2.5000000000039813,0.55325,0.09316666666666666,0.0,1.5,regret,censored-higher
DCL-dir(G=2),0.2377692853435999,0.8466785571337394,0.9088095238095238,0.5214907346307375,0.0693875663679665,0.1519536467604477,0.8424554546399972,0.9539388721480844,0.4993240198287517,0.03925294377030774,0.7142876752205928,0.8613242147022403,0.14703653948164752,0.27695592509147876,0.018335842803473786,mimic_sim,1,2.5000000000039813,0.55325,0.09316666666666666,0.01119047619047619,2.0,risk,censored-higher
DCL-dir-reg(G=2),0.2392447805735435,0.8458530305816683,0.9092857142857143,0.5333280146255449,0.07003447211326781,0.149939285847311,0.8416299788539536,0.9547998278088679,0.5089394044441363,0.039007775352180404,0.7143033691378627,0.861519740151774,0.14721637101391127,0.2808689376799019,0.010993623378065016,mimic_sim,1,2.5000000000039813,0.55325,0.09316666666666666,0.0,2.0,regret,censored-higher
DCL-dir(G=3),0.24051604837274382,0.8473147737475794,0.9088095238095238,0.5214907346307375,0.06969895255496654,0.15804725621458945,0.8431054355738898,0.9539388721480844,0.4993240198287517,0.040328348482399454,0.714059762490157,0.8609571370644553,0.1468973745742983,0.27673486405780706,0.03251422619214582,mimic_sim,1,2.5000000000039813,0.55325,0.09316666666666666,0.02119047619047619,3.0,risk,censored-higher
DCL-dir-reg(G=3),0.23805799780288703,0.8465135870447096,0.91,0.5464539544141669,0.0694909721643394,0.15159269960133667,0.8423319582625576,0.9547998278088679,0.5089394044441363,0.03919172109988025,0.7143187027521056,0.8613742451314185,0.14705554237931284,0.27831198311387395,0.016859857507077632,mimic_sim,1,2.5000000000039813,0.55325,0.09316666666666666,0.0,3.0,regret,censored-higher
DCL-dir(G=5),0.25301052689704245,0.8478117123354356,0.9088095238095238,0.5214907346307375,0.07278500099023537,0.1728658412380221,0.8437294172704267,0.9539388721480844,0.4993240198287517,0.043647318940741,0.7134117255617691,0.8602009049598883,0.1467891793981192,0.285037286055249,0.05819248744294749,mimic_sim,1,2.5000000000039813,0.55325,0.09316666666666666,0.03785714285714286,5.0,risk,censored-higher
DCL-dir-reg(G=5),0.2392608967580376,0.8471389859477936,0.9102380952380953,0.5570025746151599,0.06938776580276121,0.15595071812748335,0.8427999445349602,0.9535083943176926,0.5128457898568308,0.03985183494287436,0.7142173619786008,0.8611326385828207,0.14691527660422,0.2775538304897341,0.027044075113266695,mimic_sim,1,2.5000000000039813,0.55325,0.09316666666666666,0.0,5.0,regret,censored-higher
ERM-observed,0.3337207607000068,0.7921292645629382,0.9104761904761904,0.5559505396029218,0.07810435329521927,0.22406993515856655,0.7617354196301565,0.9511879049676026,0.5209345007439381,0.046656798853896835,0.6994856420040254,0.8507901284842236,0.15130448648019823,0.37636434517754186,0.11304205422057326,mimic_sim,2,2.5000000000615885,0.554,0.09266666666666666,,,,
IPW,0.3460123217856245,0.7852974645846587,0.9073809523809524,0.5507825068685627,0.07951058217668747,0.2321362520935671,0.7484835107339645,0.9481641468682506,0.5065135462140906,0.047083944713795234,0.6933072385820608,0.8481318402239285,0.15482460164186773,0.3869915775732993,0.12416534063292851,mimic_sim,2,2.5000000000615885,0.554,0.09266666666666666,,,,
AIPW,0.3327563911634399,0.7438452753799548,0.9066666666666666,0.5411557263205752,0.07638000117020091,0.23471705603691997,0.6735051748663364,0.9503239740820735,0.5119254917349291,0.04683714696142727,0.6395327001535966,0.8257069918985958,0.1861742917449991,0.3588051580613412,0.10363296599237469,mimic_sim,2,2.5000000000615885,0.554,0.09266666666666666,,,,
Imputation,0.2825235820606798,0.7807321385328225,0.9078571428571428,0.5164204686879207,0.07402962312233288,0.20257868462393555,0.7103219371821913,0.9511879049676026,0.49954627949183306,0.044712863174342116,0.6857882064514058,0.8460911923854849,0.1603029859340791,0.3049896725993968,0.042899662940286784,mimic_sim,2,2.5000000000615885,0.554,0.09266666666666666,,,,
Heckman(rho=+0.31),0.25680681406270467,0.8387214928508262,0.9095238095238095,0.5127222712766926,0.07290268876350116,0.16820949710957897,0.8186957374797665,0.9524838012958964,0.5045045045045045,0.04272260850968898,0.6887358021521327,0.8433348007605791,0.1545989986084464,0.31369769997687136,0.047103305247703606,mimic_sim,2,2.5000000000615885,0.554,0.09266666666666666,,,,
DCL(G=1),0.256537140490111,0.8093848209654234,0.9083333333333333,0.5074496839415601,0.07328299629019004,0.16962791105174121,0.7741412010921993,0.9516198704103672,0.49977313974591653,0.043274635159254456,0.7173705304914334,0.8612650069773954,0.143894476485962,0.28068702861183426,0.011516200106841717,mimic_sim,2,2.5000000000615885,0.554,0.09266666666666666,0.0,1.0,risk,two-sided
DCL-reg(G=1),0.256537140490111,0.8093848209654234,0.9083333333333333,0.5074496839415601,0.07328299629019004,0.16962791105174121,0.7741412010921993,0.9516198704103672,0.49977313974591653,0.043274635159254456,0.7173705304914334,0.8612650069773954,0.143894476485962,0.28068702861183426,0.011516200106841717,mimic_sim,2,2.5000000000615885,0.554,0.09266666666666666,0.0,1.0,regret,two-sided
DCL(G=1.5),0.2509982126352255,0.8117308912976169,0.9076190476190477,0.5012853470437018,0.0718429172507252,0.16913579929391961,0.7776728634260395,0.9520518358531318,0.5,0.043399426228491446,0.7174625971631473,0.8611239621301094,0.14366136496696214,0.2732907793051397,0.01107323568053319,mimic_sim,2,2.5000000000615885,0.554,0.09266666666666666,0.006190476190476191,1.5,risk,two-sided
DCL-reg(G=1.5),0.2558140595406629,0.8096762247559661,0.9083333333333333,0.5074496839415601,0.07313406951959797,0.16942870986103184,0.7746357973218226,0.9516198704103672,0.49977313974591653,0.043262543381100915,0.7174069339523098,0.8612520597297538,0.14384512577744402,0.27974400646304876,0.010573177958056143,mimic_sim,2,2.5000000000615885,0.554,0.09266666666666666,0.0,1.5,regret,two-sided
DCL(G=2),0.24935880892042986,0.8132061229872397,0.9073809523809524,0.5,0.07136746190321505,0.17036369633363507,0.7800927061362632,0.9520518358531318,0.5,0.043878718911417786,0.7173771471409456,0.8609247746175015,0.14354762747655592,0.2701822832224468,0.0182596826539077,mimic_sim,2,2.5000000000615885,0.554,0.09266666666666666,0.01119047619047619,2.0,risk,two-sided
DCL-reg(G=2),0.2545785940790317,0.8102232814090452,0.9083333333333333,0.5074496839415601,0.07287265685708368,0.16913185119665877,0.775526888049574,0.9516198704103672,0.49977313974591653,0.04325018125396493,0.7174580988313757,0.8612236809898706,0.1437655821584949,0.2780982631405058,0.008927434635513312,mimic_sim,2,2.5000000000615885,0.554,0.09266666666666666,0.0,2.0,regret,two-sided
DCL(G=3),0.2513656485360853,0.8148223347514534,0.9073809523809524,0.5,0.07189896295404526,0.17515016186698718,0.7828313794738477,0.9520518358531318,0.5,0.04537105247597442,0.7170564224902783,0.860519803438336,0.14346338094805766,0.26996229740228095,0.0326051490072337,mimic_sim,2,2.5000000000615885,0.554,0.09266666666666666,0.019761904761904762,3.0,risk,two-sided
DCL-reg(G=3),0.25242889834808807,0.8112742237832712,0.9083333333333333,0.5074496839415601,0.07238912842798026,0.16883937042435712,0.7771987050571443,0.9516198704103672,0.49977313974591653,0.04327382428223714,0.7175208800423869,0.8611393763509556,0.1436184963085687,0.2750652429435953,0.008709852643765217,mimic_sim,2,2.5000000000615885,0.554,0.09266666666666666,0.0,3.0,regret,two-sided
DCL(G=5),0.26239089931243476,0.816589982050336,0.9073809523809524,0.5,0.07525702029949213,0.187428917916933,0.7858725331502101,0.9520518358531318,0.5,0.049046771307198714,0.7162138147640862,0.8596495022758532,0.14343568751176705,0.27827158420688447,0.05862275945966722,mimic_sim,2,2.5000000000615885,0.554,0.09266666666666666,0.03619047619047619,5.0,risk,two-sided
DCL-reg(G=5),0.25047611707055284,0.8130334392595105,0.9083333333333333,0.5074496839415601,0.07186743894824202,0.1695243565012679,0.7800640931312436,0.9516198704103672,0.49977313974591653,0.043500732348164366,0.7174870012873084,0.8609460134757104,0.14345901218840207,0.2716407561810709,0.014617717087756629,mimic_sim,2,2.5000000000615885,0.554,0.09266666666666666,0.0,5.0,regret,two-sided
Manski(G=inf),0.5548561840101762,0.7514217739340658,0.9073809523809524,0.5,0.1854289489933116,0.5058226844641279,0.7705870571115581,0.9520518358531318,0.5,0.16310543338067265,0.639933165844249,0.760422360753369,0.12048919490912002,0.558549127847662,0.394548589880776,mimic_sim,2,2.5000000000615885,0.554,0.09266666666666666,,,,
ORACLE(uncensored),0.25954632056074484,0.8235779393839642,0.905952380952381,0.586928044174656,0.07315263447661405,0.18024399263456117,0.7913580549696702,0.9434125269978402,0.5211286604208565,0.045849321700039795,0.6847349303392578,0.8403815455603578,0.15564661522110002,0.3191285032802895,0.0684779214644151,mimic_sim,2,2.5000000000615885,0.554,0.09266666666666666,,,,
DCL-dir(G=1),0.256537140490111,0.8093848209654234,0.9083333333333333,0.5074496839415601,0.07328299629019004,0.16962791105174121,0.7741412010921993,0.9516198704103672,0.49977313974591653,0.043274635159254456,0.7173705304914334,0.8612650069773954,0.143894476485962,0.28068702861183426,0.011516200106841717,mimic_sim,2,2.5000000000615885,0.554,0.09266666666666666,0.0,1.0,risk,censored-higher
DCL-dir-reg(G=1),0.256537140490111,0.8093848209654234,0.9083333333333333,0.5074496839415601,0.07328299629019004,0.16962791105174121,0.7741412010921993,0.9516198704103672,0.49977313974591653,0.043274635159254456,0.7173705304914334,0.8612650069773954,0.143894476485962,0.28068702861183426,0.011516200106841717,mimic_sim,2,2.5000000000615885,0.554,0.09266666666666666,0.0,1.0,regret,censored-higher
DCL-dir(G=1.5),0.2509084151642996,0.8117335894808628,0.9083333333333333,0.5074496839415601,0.07179835638053814,0.16916833013524504,0.7776708196399666,0.9516198704103672,0.49977313974591653,0.04341566257710132,0.71746762174721,0.8611277642462719,0.1436601424990619,0.2733321883322585,0.01103117117072345,mimic_sim,2,2.5000000000615885,0.554,0.09266666666666666,0.004523809523809524,1.5,risk,censored-higher
DCL-dir-reg(G=1.5),0.25311486609103406,0.8106570143658022,0.9088095238095238,0.5123286737957164,0.0723891122398579,0.16914811038658717,0.7760950605778192,0.9516198704103672,0.49977313974591653,0.04330430969954974,0.7174570131069218,0.8612123769679016,0.14375536386097987,0.2765289047035362,0.008326670387439377,mimic_sim,2,2.5000000000615885,0.554,0.09266666666666666,0.0,1.5,regret,censored-higher
DCL-dir(G=2),0.24925768769034978,0.8132223120867141,0.9083333333333333,0.5074496839415601,0.07131724357809252,0.1703962271749605,0.7800886185641176,0.9516198704103672,0.49977313974591653,0.04389495526002766,0.7173932276442179,0.8609377929514915,0.14354456530727366,0.27022537993022544,0.018212715221248135,mimic_sim,2,2.5000000000615885,0.554,0.09266666666666666,0.009285714285714286,2.0,risk,censored-higher
DCL-dir-reg(G=2),0.25109330109424166,0.811579793035854,0.9095238095238095,0.5184930106935748,0.07183776126435597,0.16915040290629585,0.777468484818757,0.9516198704103672,0.49977313974591653,0.04340668782596516,0.7174770218138286,0.861139413693126,0.1436623918792974,0.27391910300902866,0.010526640674185657,mimic_sim,2,2.5000000000615885,0.554,0.09266666666666666,0.0,2.0,regret,censored-higher
DCL-dir(G=3),0.2512645273060053,0.8148682038666314,0.9083333333333333,0.5074496839415601,0.07184874462892271,0.1751826927083126,0.7828232043295565,0.9516198704103672,0.49977313974591653,0.0453872888245843,0.7170948687809914,0.8605539314997643,0.14345906271877296,0.2700053941100596,0.03255818157457413,mimic_sim,2,2.5000000000615885,0.554,0.09266666666666666,0.017857142857142856,3.0,risk,censored-higher
DCL-dir-reg(G=3),0.24927564759399043,0.8128958319139765,0.9102380952380953,0.5269656433581859,0.07130049941862329,0.1699228218117813,0.779643073200242,0.9520518358531318,0.5085552885008421,0.04372619066885531,0.7174372079383924,0.8609902055711671,0.14355299763277474,0.27121124539313435,0.01627424771224243,mimic_sim,2,2.5000000000615885,0.554,0.09266666666666666,0.0,3.0,regret,censored-higher
DCL-dir(G=5),0.26228977808235465,0.8166918384678636,0.9083333333333333,0.5074496839415601,0.07520680197436957,0.18746144875825846,0.7858582266477003,0.9516198704103672,0.49977313974591653,0.04906300765580859,0.7163095572480234,0.8597417953463498,0.1434322380983264,0.2783146809146631,0.05857579202700765,mimic_sim,2,2.5000000000615885,0.554,0.09266666666666666,0.03428571428571429,5.0,risk,censored-higher
DCL-dir-reg(G=5),0.24947037380329518,0.8144965291245272,0.9107142857142857,0.5422319641627301,0.07124866944996722,0.17270908026220388,0.7821691927862526,0.9516198704103672,0.5126060724971796,0.04453873548710529,0.7172577797022784,0.8607233706895265,0.1434655909872481,0.270218101937307,0.026285240092944168,mimic_sim,2,2.5000000000615885,0.554,0.09266666666666666,0.0,5.0,regret,censored-higher
