gamma,log_gamma,B,n,seed,deviation
1.5,0.4054651081081644,5.368755513139748,250,0,0.136903929403845
1.5,0.4054651081081644,5.368755513139748,250,1,0.13344608414307402
1.5,0.4054651081081644,5.368755513139748,250,2,0.11399572980823636
1.5,0.4054651081081644,5.368755513139748,250,3,0.11953237804903205
1.5,0.4054651081081644,5.368755513139748,250,4,0.1510321810803208
1.5,0.4054651081081644,5.368755513139748,250,5,0.16408604539862992
1.5,0.4054651081081644,5.368755513139748,250,6,0.15134498818188868
1.5,0.4054651081081644,5.368755513139748,250,7,0.1710481830795847
1.5,0.4054651081081644,5.368755513139748,500,0,0.09721956410090304
1.5,0.4054651081081644,5.368755513139748,500,1,0.10210574548247853
1.5,0.4054651081081644,5.368755513139748,500,2,0.10909345768548828
1.5,0.4054651081081644,5.368755513139748,500,3,0.10516322880276374
1.5,0.4054651081081644,5.368755513139748,500,4,0.09117625849459521
1.5,0.4054651081081644,5.368755513139748,500,5,0.10499614489363962
1.5,0.4054651081081644,5.368755513139748,500,6,0.1009129662029542
1.5,0.4054651081081644,5.368755513139748,500,7,0.09968382825638877
1.5,0.4054651081081644,5.368755513139748,1000,0,0.09044342090265678
1.5,0.4054651081081644,5.368755513139748,1000,1,0.06295026002062354
1.5,0.4054651081081644,5.368755513139748,1000,2,0.07967735743924487
1.5,0.4054651081081644,5.368755513139748,1000,3,0.04510562852108868
1.5,0.4054651081081644,5.368755513139748,1000,4,0.07587819370792093
1.5,0.4054651081081644,5.368755513139748,1000,5,0.06158050776017321
1.5,0.4054651081081644,5.368755513139748,1000,6,0.10793407725429671
1.5,0.4054651081081644,5.368755513139748,1000,7,0.08139800802501185
1.5,0.4054651081081644,5.368755513139748,2000,0,0.05322296186764919
1.5,0.4054651081081644,5.368755513139748,2000,1,0.04454542314539367
1.5,0.4054651081081644,5.368755513139748,2000,2,0.04062353938032626
1.5,0.4054651081081644,5.368755513139748,2000,3,0.05492482214296368
1.5,0.4054651081081644,5.368755513139748,2000,4,0.06086385242157322
1.5,0.4054651081081644,5.368755513139748,2000,5,0.0506678365204718
1.5,0.4054651081081644,5.368755513139748,2000,6,0.05270887797369195
1.5,0.4054651081081644,5.368755513139748,2000,7,0.05009549215713638
1.5,0.4054651081081644,5.368755513139748,4000,0,0.029858730218260243
1.5,0.4054651081081644,5.368755513139748,4000,1,0.04856544346602787
1.5,0.4054651081081644,5.368755513139748,4000,2,0.0295321945429321
1.5,0.4054651081081644,5.368755513139748,4000,3,0.039202529593348245
1.5,0.4054651081081644,5.368755513139748,4000,4,0.02366960849438149
1.5,0.4054651081081644,5.368755513139748,4000,5,0.029814130106900816
1.5,0.4054651081081644,5.368755513139748,4000,6,0.03482199986112522
1.5,0.4054651081081644,5.368755513139748,4000,7,0.027026400016100682
1.5,0.4054651081081644,5.368755513139748,8000,0,0.020136711386628203
1.5,0.4054651081081644,5.368755513139748,8000,1,0.03001364341501289
1.5,0.4054651081081644,5.368755513139748,8000,2,0.019506776173524143
1.5,0.4054651081081644,5.368755513139748,8000,3,0.0350049072759806
1.5,0.4054651081081644,5.368755513139748,8000,4,0.021202640487746116
1.5,0.4054651081081644,5.368755513139748,8000,5,0.021851959263840426
1.5,0.4054651081081644,5.368755513139748,8000,6,0.019166958663151545
1.5,0.4054651081081644,5.368755513139748,8000,7,0.028987670667359744
2.0,0.6931471805599453,5.6564375855915285,250,0,0.1429842489392894
2.0,0.6931471805599453,5.6564375855915285,250,1,0.12460542451766021
2.0,0.6931471805599453,5.6564375855915285,250,2,0.1238177567824954
2.0,0.6931471805599453,5.6564375855915285,250,3,0.1018821957808278
2.0,0.6931471805599453,5.6564375855915285,250,4,0.18526649090046932
2.0,0.6931471805599453,5.6564375855915285,250,5,0.15609800731626922
2.0,0.6931471805599453,5.6564375855915285,250,6,0.15918230874694927
2.0,0.6931471805599453,5.6564375855915285,250,7,0.2088387030765253
2.0,0.6931471805599453,5.6564375855915285,500,0,0.09669741464517556
2.0,0.6931471805599453,5.6564375855915285,500,1,0.09625816463000447
2.0,0.6931471805599453,5.6564375855915285,500,2,0.09001072532995091
2.0,0.6931471805599453,5.6564375855915285,500,3,0.10352530078966171
2.0,0.6931471805599453,5.6564375855915285,500,4,0.10669961474821421
2.0,0.6931471805599453,5.6564375855915285,500,5,0.08155025467800558
2.0,0.6931471805599453,5.6564375855915285,500,6,0.12157321732758275
2.0,0.6931471805599453,5.6564375855915285,500,7,0.10655452376621777
2.0,0.6931471805599453,5.6564375855915285,1000,0,0.09832930336314516
2.0,0.6931471805599453,5.6564375855915285,1000,1,0.08457040413874806
2.0,0.6931471805599453,5.6564375855915285,1000,2,0.11667458827675836
2.0,0.6931471805599453,5.6564375855915285,1000,3,0.053798733542739896
2.0,0.6931471805599453,5.6564375855915285,1000,4,0.08549791585805688
2.0,0.6931471805599453,5.6564375855915285,1000,5,0.07411457150051559
2.0,0.6931471805599453,5.6564375855915285,1000,6,0.08299118531977623
2.0,0.6931471805599453,5.6564375855915285,1000,7,0.07446695020972549
2.0,0.6931471805599453,5.6564375855915285,2000,0,0.05327640855813742
2.0,0.6931471805599453,5.6564375855915285,2000,1,0.05859293067994664
2.0,0.6931471805599453,5.6564375855915285,2000,2,0.05021543831327335
2.0,0.6931471805599453,5.6564375855915285,2000,3,0.05513256733331007
2.0,0.6931471805599453,5.6564375855915285,2000,4,0.0522023212035676
2.0,0.6931471805599453,5.6564375855915285,2000,5,0.06250735507447125
2.0,0.6931471805599453,5.6564375855915285,2000,6,0.06517953645825925
2.0,0.6931471805599453,5.6564375855915285,2000,7,0.06126042967294998
2.0,0.6931471805599453,5.6564375855915285,4000,0,0.037628553655655095
2.0,0.6931471805599453,5.6564375855915285,4000,1,0.036568626312626584
2.0,0.6931471805599453,5.6564375855915285,4000,2,0.029877554664775374
2.0,0.6931471805599453,5.6564375855915285,4000,3,0.030348382295311227
2.0,0.6931471805599453,5.6564375855915285,4000,4,0.02795689261181833
2.0,0.6931471805599453,5.6564375855915285,4000,5,0.025327420479114515
2.0,0.6931471805599453,5.6564375855915285,4000,6,0.050752377483664235
2.0,0.6931471805599453,5.6564375855915285,4000,7,0.028023589596647414
2.0,0.6931471805599453,5.6564375855915285,8000,0,0.02368674909357993
2.0,0.6931471805599453,5.6564375855915285,8000,1,0.023496164712963452
2.0,0.6931471805599453,5.6564375855915285,8000,2,0.025204409727739074
2.0,0.6931471805599453,5.6564375855915285,8000,3,0.035712920026990114
2.0,0.6931471805599453,5.6564375855915285,8000,4,0.022846891284202586
2.0,0.6931471805599453,5.6564375855915285,8000,5,0.026903037003953134
2.0,0.6931471805599453,5.6564375855915285,8000,6,0.02199174511485258
2.0,0.6931471805599453,5.6564375855915285,8000,7,0.027579036108100086
3.0,1.0986122886681098,6.061902693699693,250,0,0.16381274591819084
3.0,1.0986122886681098,6.061902693699693,250,1,0.13827697766395586
3.0,1.0986122886681098,6.061902693699693,250,2,0.1356958865143969
3.0,1.0986122886681098,6.061902693699693,250,3,0.1353481347789629
3.0,1.0986122886681098,6.061902693699693,250,4,0.15647787178528771
3.0,1.0986122886681098,6.061902693699693,250,5,0.14252111603732298
3.0,1.0986122886681098,6.061902693699693,250,6,0.16532582152602582
3.0,1.0986122886681098,6.061902693699693,250,7,0.2061257647837853
3.0,1.0986122886681098,6.061902693699693,500,0,0.1222329517931271
3.0,1.0986122886681098,6.061902693699693,500,1,0.13034902797771908
3.0,1.0986122886681098,6.061902693699693,500,2,0.11090059182737222
3.0,1.0986122886681098,6.061902693699693,500,3,0.11312623447271464
3.0,1.0986122886681098,6.061902693699693,500,4,0.07840458895748648
3.0,1.0986122886681098,6.061902693699693,500,5,0.08701855196824648
3.0,1.0986122886681098,6.061902693699693,500,6,0.10531583379501575
3.0,1.0986122886681098,6.061902693699693,500,7,0.08767055333795137
3.0,1.0986122886681098,6.061902693699693,1000,0,0.10414272124093271
3.0,1.0986122886681098,6.061902693699693,1000,1,0.05085412679288881
3.0,1.0986122886681098,6.061902693699693,1000,2,0.07800673201548403
3.0,1.0986122886681098,6.061902693699693,1000,3,0.05995058841909939
3.0,1.0986122886681098,6.061902693699693,1000,4,0.10627999404254829
3.0,1.0986122886681098,6.061902693699693,1000,5,0.08891860174609922
3.0,1.0986122886681098,6.061902693699693,1000,6,0.07503098066173464
3.0,1.0986122886681098,6.061902693699693,1000,7,0.07780578169997754
3.0,1.0986122886681098,6.061902693699693,2000,0,0.04378892144770563
3.0,1.0986122886681098,6.061902693699693,2000,1,0.056058559514093
3.0,1.0986122886681098,6.061902693699693,2000,2,0.044663130784967864
3.0,1.0986122886681098,6.061902693699693,2000,3,0.06880746998001475
3.0,1.0986122886681098,6.061902693699693,2000,4,0.05276349003709968
3.0,1.0986122886681098,6.061902693699693,2000,5,0.061611886567831675
3.0,1.0986122886681098,6.061902693699693,2000,6,0.07098960274610633
3.0,1.0986122886681098,6.061902693699693,2000,7,0.06700743277590826
3.0,1.0986122886681098,6.061902693699693,4000,0,0.03521557882392301
3.0,1.0986122886681098,6.061902693699693,4000,1,0.047341293099216086
3.0,1.0986122886681098,6.061902693699693,4000,2,0.03244498698057563
3.0,1.0986122886681098,6.061902693699693,4000,3,0.03801553307257377
3.0,1.0986122886681098,6.061902693699693,4000,4,0.03386683486887376
3.0,1.0986122886681098,6.061902693699693,4000,5,0.028547742082431826
3.0,1.0986122886681098,6.061902693699693,4000,6,0.03912055081472676
3.0,1.0986122886681098,6.061902693699693,4000,7,0.03177949333733676
3.0,1.0986122886681098,6.061902693699693,8000,0,0.03235693426918096
3.0,1.0986122886681098,6.061902693699693,8000,1,0.024741133548364047
3.0,1.0986122886681098,6.061902693699693,8000,2,0.01924927249552022
3.0,1.0986122886681098,6.061902693699693,8000,3,0.03804022928888928
3.0,1.0986122886681098,6.061902693699693,8000,4,0.02624738827616424
3.0,1.0986122886681098,6.061902693699693,8000,5,0.028187132406388926
3.0,1.0986122886681098,6.061902693699693,8000,6,0.031042659010323437
3.0,1.0986122886681098,6.061902693699693,8000,7,0.034223407179173826
6.0,1.791759469228055,6.7550498742596385,250,0,0.16184142308082072
6.0,1.791759469228055,6.7550498742596385,250,1,0.19779676009357128
6.0,1.791759469228055,6.7550498742596385,250,2,0.1540867113551616
6.0,1.791759469228055,6.7550498742596385,250,3,0.14044750627135127
6.0,1.791759469228055,6.7550498742596385,250,4,0.17904761196558638
6.0,1.791759469228055,6.7550498742596385,250,5,0.18780803864505402
6.0,1.791759469228055,6.7550498742596385,250,6,0.19604519617821192
6.0,1.791759469228055,6.7550498742596385,250,7,0.1830328378274353
6.0,1.791759469228055,6.7550498742596385,500,0,0.12871221151405976
6.0,1.791759469228055,6.7550498742596385,500,1,0.10970558168859701
6.0,1.791759469228055,6.7550498742596385,500,2,0.1016769270503024
6.0,1.791759469228055,6.7550498742596385,500,3,0.1143908605192836
6.0,1.791759469228055,6.7550498742596385,500,4,0.10745283256322224
6.0,1.791759469228055,6.7550498742596385,500,5,0.12680306542133035
6.0,1.791759469228055,6.7550498742596385,500,6,0.12872866611349298
6.0,1.791759469228055,6.7550498742596385,500,7,0.14575668279459353
6.0,1.791759469228055,6.7550498742596385,1000,0,0.09022445562293746
6.0,1.791759469228055,6.7550498742596385,1000,1,0.0786966314318962
6.0,1.791759469228055,6.7550498742596385,1000,2,0.09235767558935404
6.0,1.791759469228055,6.7550498742596385,1000,3,0.0668013837379986
6.0,1.791759469228055,6.7550498742596385,1000,4,0.1034339019363113
6.0,1.791759469228055,6.7550498742596385,1000,5,0.09654108931729621
6.0,1.791759469228055,6.7550498742596385,1000,6,0.10316681470337041
6.0,1.791759469228055,6.7550498742596385,1000,7,0.09343610020701121
6.0,1.791759469228055,6.7550498742596385,2000,0,0.0786729143394842
6.0,1.791759469228055,6.7550498742596385,2000,1,0.057460348281180185
6.0,1.791759469228055,6.7550498742596385,2000,2,0.05979915666844082
6.0,1.791759469228055,6.7550498742596385,2000,3,0.06736555631941288
6.0,1.791759469228055,6.7550498742596385,2000,4,0.06133529540349292
6.0,1.791759469228055,6.7550498742596385,2000,5,0.07113174546658652
6.0,1.791759469228055,6.7550498742596385,2000,6,0.05612724350917797
6.0,1.791759469228055,6.7550498742596385,2000,7,0.06228649794060637
6.0,1.791759469228055,6.7550498742596385,4000,0,0.035016821299864054
6.0,1.791759469228055,6.7550498742596385,4000,1,0.03950995235739718
6.0,1.791759469228055,6.7550498742596385,4000,2,0.05411855648791364
6.0,1.791759469228055,6.7550498742596385,4000,3,0.037613303744092885
6.0,1.791759469228055,6.7550498742596385,4000,4,0.03570072339929986
6.0,1.791759469228055,6.7550498742596385,4000,5,0.03002790971480951
6.0,1.791759469228055,6.7550498742596385,4000,6,0.03882589841314532
6.0,1.791759469228055,6.7550498742596385,4000,7,0.039275787092772685
6.0,1.791759469228055,6.7550498742596385,8000,0,0.022608151150015132
6.0,1.791759469228055,6.7550498742596385,8000,1,0.02381021415484952
6.0,1.791759469228055,6.7550498742596385,8000,2,0.02740766442101128
6.0,1.791759469228055,6.7550498742596385,8000,3,0.04180470009064696
6.0,1.791759469228055,6.7550498742596385,8000,4,0.028166114054751112
6.0,1.791759469228055,6.7550498742596385,8000,5,0.025409069252759764
6.0,1.791759469228055,6.7550498742596385,8000,6,0.027698402860485416
6.0,1.791759469228055,6.7550498742596385,8000,7,0.02443850060892494
12.0,2.4849066497880004,7.448197054819584,250,0,0.1525690763690526
12.0,2.4849066497880004,7.448197054819584,250,1,0.17994576667726547
12.0,2.4849066497880004,7.448197054819584,250,2,0.17559287417863167
12.0,2.4849066497880004,7.448197054819584,250,3,0.16232542136497763
12.0,2.4849066497880004,7.448197054819584,250,4,0.15881108794610177
12.0,2.4849066497880004,7.448197054819584,250,5,0.22186148188664734
12.0,2.4849066497880004,7.448197054819584,250,6,0.16442152207123795
12.0,2.4849066497880004,7.448197054819584,250,7,0.21847707708334307
12.0,2.4849066497880004,7.448197054819584,500,0,0.12590019560712085
12.0,2.4849066497880004,7.448197054819584,500,1,0.10241120355567412
12.0,2.4849066497880004,7.448197054819584,500,2,0.11355893230738379
12.0,2.4849066497880004,7.448197054819584,500,3,0.1225648090167839
12.0,2.4849066497880004,7.448197054819584,500,4,0.0936811084641207
12.0,2.4849066497880004,7.448197054819584,500,5,0.10192582085133162
12.0,2.4849066497880004,7.448197054819584,500,6,0.13064309279701303
12.0,2.4849066497880004,7.448197054819584,500,7,0.13415304461686195
12.0,2.4849066497880004,7.448197054819584,1000,0,0.14781725501529763
12.0,2.4849066497880004,7.448197054819584,1000,1,0.07751495415010101
12.0,2.4849066497880004,7.448197054819584,1000,2,0.09716291774449348
12.0,2.4849066497880004,7.448197054819584,1000,3,0.060954197865905835
12.0,2.4849066497880004,7.448197054819584,1000,4,0.09752632806592709
12.0,2.4849066497880004,7.448197054819584,1000,5,0.09177007940730997
12.0,2.4849066497880004,7.448197054819584,1000,6,0.08741880036345284
12.0,2.4849066497880004,7.448197054819584,1000,7,0.09549013536503281
12.0,2.4849066497880004,7.448197054819584,2000,0,0.07165967248738192
12.0,2.4849066497880004,7.448197054819584,2000,1,0.05101747619466179
12.0,2.4849066497880004,7.448197054819584,2000,2,0.05561666757228889
12.0,2.4849066497880004,7.448197054819584,2000,3,0.05799860009828284
12.0,2.4849066497880004,7.448197054819584,2000,4,0.06644045675581789
12.0,2.4849066497880004,7.448197054819584,2000,5,0.06708990264372217
12.0,2.4849066497880004,7.448197054819584,2000,6,0.06627848181339124
12.0,2.4849066497880004,7.448197054819584,2000,7,0.06483915007549834
12.0,2.4849066497880004,7.448197054819584,4000,0,0.039427765640900114
12.0,2.4849066497880004,7.448197054819584,4000,1,0.04458332419176769
12.0,2.4849066497880004,7.448197054819584,4000,2,0.04514578196719676
12.0,2.4849066497880004,7.448197054819584,4000,3,0.06098899208889419
12.0,2.4849066497880004,7.448197054819584,4000,4,0.031900127187716176
12.0,2.4849066497880004,7.448197054819584,4000,5,0.03198089103362678
12.0,2.4849066497880004,7.448197054819584,4000,6,0.03542842662446022
12.0,2.4849066497880004,7.448197054819584,4000,7,0.050667497190753474
12.0,2.4849066497880004,7.448197054819584,8000,0,0.02935048091986836
12.0,2.4849066497880004,7.448197054819584,8000,1,0.024851974817916123
12.0,2.4849066497880004,7.448197054819584,8000,2,0.03864363721465236
12.0,2.4849066497880004,7.448197054819584,8000,3,0.037750253586064986
12.0,2.4849066497880004,7.448197054819584,8000,4,0.032948856301979745
12.0,2.4849066497880004,7.448197054819584,8000,5,0.030997592969385313
12.0,2.4849066497880004,7.448197054819584,8000,6,0.03068588330121047
12.0,2.4849066497880004,7.448197054819584,8000,7,0.03649497968749538
24.0,3.1780538303479458,8.14134423537953,250,0,0.1810854083722604
24.0,3.1780538303479458,8.14134423537953,250,1,0.14954859345663496
24.0,3.1780538303479458,8.14134423537953,250,2,0.17442491893243073
24.0,3.1780538303479458,8.14134423537953,250,3,0.15270218159045057
24.0,3.1780538303479458,8.14134423537953,250,4,0.16575834085368046
24.0,3.1780538303479458,8.14134423537953,250,5,0.1925181774285405
24.0,3.1780538303479458,8.14134423537953,250,6,0.14944586805406512
24.0,3.1780538303479458,8.14134423537953,250,7,0.1733136984865249
24.0,3.1780538303479458,8.14134423537953,500,0,0.11756495236065789
24.0,3.1780538303479458,8.14134423537953,500,1,0.10807120722931418
24.0,3.1780538303479458,8.14134423537953,500,2,0.12421455017519523
24.0,3.1780538303479458,8.14134423537953,500,3,0.17448240099969903
24.0,3.1780538303479458,8.14134423537953,500,4,0.11950395225122268
24.0,3.1780538303479458,8.14134423537953,500,5,0.13517123854409596
24.0,3.1780538303479458,8.14134423537953,500,6,0.12019913196269383
24.0,3.1780538303479458,8.14134423537953,500,7,0.10339200262892545
24.0,3.1780538303479458,8.14134423537953,1000,0,0.10669172921166736
24.0,3.1780538303479458,8.14134423537953,1000,1,0.08055733101149287
24.0,3.1780538303479458,8.14134423537953,1000,2,0.11070779124194496
24.0,3.1780538303479458,8.14134423537953,1000,3,0.05850784391131891
24.0,3.1780538303479458,8.14134423537953,1000,4,0.08938276188224403
24.0,3.1780538303479458,8.14134423537953,1000,5,0.08424351959873011
24.0,3.1780538303479458,8.14134423537953,1000,6,0.08907311012995045
24.0,3.1780538303479458,8.14134423537953,1000,7,0.09454609483820553
24.0,3.1780538303479458,8.14134423537953,2000,0,0.09484922771251902
24.0,3.1780538303479458,8.14134423537953,2000,1,0.05819429457595815
24.0,3.1780538303479458,8.14134423537953,2000,2,0.056528948859387196
24.0,3.1780538303479458,8.14134423537953,2000,3,0.07444307861373822
24.0,3.1780538303479458,8.14134423537953,2000,4,0.063674059378372
24.0,3.1780538303479458,8.14134423537953,2000,5,0.05804102134410005
24.0,3.1780538303479458,8.14134423537953,2000,6,0.06270377196215393
24.0,3.1780538303479458,8.14134423537953,2000,7,0.05260760885220783
24.0,3.1780538303479458,8.14134423537953,4000,0,0.04336376802554365
24.0,3.1780538303479458,8.14134423537953,4000,1,0.04380843950305491
24.0,3.1780538303479458,8.14134423537953,4000,2,0.03460758702432454
24.0,3.1780538303479458,8.14134423537953,4000,3,0.04744580639868845
24.0,3.1780538303479458,8.14134423537953,4000,4,0.034127582019604086
24.0,3.1780538303479458,8.14134423537953,4000,5,0.03580893808877139
24.0,3.1780538303479458,8.14134423537953,4000,6,0.04399674286502542
24.0,3.1780538303479458,8.14134423537953,4000,7,0.041656337368109586
24.0,3.1780538303479458,8.14134423537953,8000,0,0.023428519308658746
24.0,3.1780538303479458,8.14134423537953,8000,1,0.03180324160917203
24.0,3.1780538303479458,8.14134423537953,8000,2,0.02279781231013156
24.0,3.1780538303479458,8.14134423537953,8000,3,0.03914101562500982
24.0,3.1780538303479458,8.14134423537953,8000,4,0.0387379995184709
24.0,3.1780538303479458,8.14134423537953,8000,5,0.03956145131683342
24.0,3.1780538303479458,8.14134423537953,8000,6,0.02894978029553763
24.0,3.1780538303479458,8.14134423537953,8000,7,0.034913071840685816
