method,risk,auroc,accuracy,balanced_accuracy,brier,obs_risk,obs_auroc,obs_accuracy,obs_balanced_accuracy,obs_brier,auroc_lo,auroc_hi,auroc_width,worstcase_risk,minimax_regret,dataset,outcome,seed,gamma_report,abstention_rate,gamma,criterion,direction
ERM-observed,0.6539477469257085,0.7005284614901088,0.6507786691835772,0.637964817126283,0.22415167563106192,0.6347569863274528,0.6953070211009919,0.6787603930461074,0.638995567980688,0.21571952341870068,0.6220919619124472,0.7223584656278857,0.10026650371543855,0.7116378359371989,0.06685292649211722,compas,recorded,0,1.885,,,,
IPW,0.6553205106099883,0.699169817081384,0.6498348277489382,0.6364193927856252,0.2248835627447096,0.6350899538783586,0.6941691991355415,0.6772486772486772,0.6370944272962774,0.21624810103799458,0.620876902638097,0.7213841978370101,0.1005072951989131,0.714434407455964,0.06965637860361276,compas,recorded,0,1.885,,,,
AIPW,0.7034119521320312,0.6949915140848233,0.6540821142048135,0.6398097179443432,0.22707923290241666,0.6842215274762578,0.6933700998516299,0.6780045351473923,0.6357824732480643,0.21721399416021078,0.6158211017658266,0.7170324668363606,0.10121136507053397,0.7874588243321771,0.14358212307248389,compas,recorded,0,1.885,,,,
Imputation,0.6490141006802455,0.7040683003924175,0.6526663520528552,0.6363884124603766,0.22039066613107636,0.6302746496487088,0.70000739465009,0.6795162509448224,0.633158565151638,0.211463963533665,0.6223571260950641,0.7219081419062863,0.09955101581122217,0.6888481669080087,0.04363032364530807,compas,recorded,0,1.885,,,,
Heckman(rho=-0.43),0.6158896914682034,0.7248219753773764,0.6672958942897593,0.6667069261231491,0.21259107231275934,0.6149792105594816,0.7126629804733531,0.6681783824640968,0.6563932713454923,0.21201795374359392,0.5990917519954972,0.7025085357487363,0.10341678375323904,0.7263511738816493,0.10093003519316165,compas,recorded,0,1.885,,,,
DCL(G=1),0.6264970090147849,0.7089708246154398,0.6507786691835772,0.6305820709224953,0.21814499593596096,0.6084410772015394,0.7012012728339638,0.6787603930461074,0.6244507683279981,0.20982753089794548,0.6267993485998106,0.7268217527032983,0.10002240410348773,0.6558723442707693,0.007325007304080185,compas,recorded,0,1.885,0.0,1.0,risk,two-sided
DCL-reg(G=1),0.6264970090147849,0.7089708246154398,0.6507786691835772,0.6305820709224953,0.21814499593596096,0.6084410772015394,0.7012012728339638,0.6787603930461074,0.6244507683279981,0.20982753089794548,0.6267993485998106,0.7268217527032983,0.10002240410348773,0.6558723442707693,0.007325007304080185,compas,recorded,0,1.885,0.0,1.0,regret,two-sided
DCL(G=1.5),0.6279800741245489,0.7096824741157137,0.6356772062293534,0.6095890841497472,0.2188439826004883,0.6118561343319032,0.7022448726450425,0.6613756613756614,0.5951536417459007,0.21139843338822253,0.6264370515567623,0.725870032126319,0.09943298056955663,0.650012299912667,0.015045044160505967,compas,recorded,0,1.885,0.13874469089193014,1.5,risk,two-sided
DCL-reg(G=1.5),0.6264499509815672,0.709086664092456,0.6507786691835772,0.6305820709224953,0.21812911878224453,0.6084902096068687,0.7013229267547981,0.6787603930461074,0.6244507683279981,0.20985154793202873,0.6268225574504471,0.7268036789700473,0.09998112151960015,0.6554567990239327,0.006909462057243793,compas,recorded,0,1.885,0.0,1.5,regret,two-sided
DCL(G=2),0.631451878976629,0.7082219089268236,0.6172722982538933,0.5864966191036359,0.22044082226329167,0.6164046130302433,0.7013443950937689,0.6492819349962207,0.5744498141795993,0.21346830669271138,0.6244272221967666,0.7232078659239972,0.09878064372723061,0.6492791853677667,0.02343075898574371,compas,recorded,0,1.885,0.23737612081170364,2.0,risk,two-sided
DCL-reg(G=2),0.6264058038824899,0.7093479764010739,0.6507786691835772,0.6305820709224953,0.21811633350158066,0.6086211659433665,0.7017737618731842,0.6787603930461074,0.6244507683279981,0.20991126904864343,0.6268652412066945,0.7267650336209528,0.09989979241425828,0.6547470309069481,0.0065302695775026,compas,recorded,0,1.885,0.0,2.0,regret,two-sided
DCL(G=3),0.6393708755595275,0.7041392408473344,0.6087777253421425,0.5741152647695333,0.2241393793840229,0.6258168975425193,0.6982135956605331,0.6492819349962207,0.5663693699281049,0.21782220267909802,0.6190042937445597,0.7169642608345904,0.09795996709003074,0.6518275996489049,0.036486245967638956,compas,recorded,0,1.885,0.33883907503539407,3.0,risk,two-sided
DCL-reg(G=3),0.6264818042309187,0.7096945968516806,0.6507786691835772,0.6305820709224953,0.21815571855929347,0.6090558947206912,0.7022866166374857,0.6787603930461074,0.6244507683279981,0.2100986824817111,0.6269365966793488,0.7266786782927966,0.09974208161344789,0.6534816373695282,0.008031567083961383,compas,recorded,0,1.885,0.0,3.0,regret,two-sided
Manski(G=inf),0.6799994289781817,0.5802008782248722,0.5469561113732893,0.5025906735751295,0.24356920321761774,0.6742101258827637,0.5892534265854368,0.6054421768707483,0.5038022813688213,0.24076524809226424,0.5410999995710469,0.5849723139511062,0.04387231438005923,0.6820540563688092,0.08981544250964354,compas,recorded,0,1.885,,,,
ORACLE(uncensored),0.6252269658115557,0.7139429423227163,0.6743747050495517,0.665229299305861,0.21526581604739484,0.6078277639522952,0.7086114278353712,0.6878306878306878,0.6549274608679888,0.20850585893320614,0.6089649323004311,0.711100296455928,0.10213536415549684,0.7175934614870975,0.07900430495819646,compas,recorded,0,1.885,,,,
ERM-observed,0.6371248801295205,0.7087415453063504,0.6639924492685229,0.6514401123990166,0.2192499866104813,0.6199187282644956,0.7044719956937836,0.6718266253869969,0.634588218050224,0.21255813957307862,0.612793545104153,0.7112949052998236,0.09850136019567068,0.7250372173712135,0.07293334654755619,compas,recorded,1,1.885,,,,
IPW,0.6418895990579411,0.7046738357065017,0.6639924492685229,0.6515396323615502,0.22089153115226362,0.6258571734570261,0.698506723408987,0.6726006191950464,0.6352187350741837,0.21448205233440645,0.612288679845222,0.7111119380346594,0.09882325818943749,0.7280473945549284,0.07586848324224281,compas,recorded,1,1.885,,,,
AIPW,0.6709279330843891,0.7003787162375149,0.661160924964606,0.647383210396909,0.2228307624148342,0.6461992252644304,0.694694559358313,0.6710526315789473,0.6332147270581516,0.21571810100879615,0.6088383283734771,0.7070264794763043,0.09818815110282719,0.767309671930047,0.11631252984986734,compas,recorded,1,1.885,,,,
Imputation,0.6264940829479957,0.7095255464591608,0.662104766399245,0.645849432150802,0.21608695588113438,0.6082799938713332,0.7051631636539157,0.6749226006191951,0.6319094683692732,0.2081251281894956,0.6134090416440074,0.711040303547741,0.0976312619037335,0.6979873786530149,0.04543030934605388,compas,recorded,1,1.885,,,,
Heckman(rho=-0.52),0.6287692582320533,0.7281096610917475,0.656441717791411,0.6634117784802716,0.21643171472546477,0.6298482667949473,0.7247331990588997,0.6602167182662538,0.6648795699848625,0.215728672589269,0.5865205021904093,0.687417858160519,0.10089735597010974,0.7557986752361983,0.12284919424128876,compas,recorded,1,1.885,,,,
DCL(G=1),0.619752394528544,0.7189578773878037,0.6677678150070788,0.6445088397143192,0.21504499464183363,0.6014039118960773,0.7125587871834462,0.6865325077399381,0.6294796402388636,0.20655794950472633,0.6181264437896895,0.7159134006609661,0.09778695687127659,0.6631856023228625,0.0068583990778921106,compas,recorded,1,1.885,0.0,1.0,risk,two-sided
DCL-reg(G=1),0.619752394528544,0.7189578773878037,0.6677678150070788,0.6445088397143192,0.21504499464183363,0.6014039118960773,0.7125587871834462,0.6865325077399381,0.6294796402388636,0.20655794950472633,0.6181264437896895,0.7159134006609661,0.09778695687127659,0.6631856023228625,0.0068583990778921106,compas,recorded,1,1.885,0.0,1.0,regret,two-sided
DCL(G=1.5),0.6239172912730256,0.7186147361595201,0.6479471448796602,0.6185985247629083,0.21689445117840536,0.6070733363335711,0.712474128585039,0.6772445820433437,0.6096543654774871,0.20901152341882828,0.6179081212462094,0.7152500017978012,0.09734188055159176,0.6576631717703986,0.0142933005874333,compas,recorded,1,1.885,0.12222746578574799,1.5,risk,two-sided
DCL-reg(G=1.5),0.619879310787594,0.7190033593616313,0.6677678150070788,0.6445088397143192,0.2150962451674695,0.601653228666565,0.7126472364653645,0.6865325077399381,0.6294796402388636,0.20665742615729865,0.6181414528186202,0.7159011586680762,0.09775970584945604,0.6628046109662541,0.006477407721283726,compas,recorded,1,1.885,0.0,1.5,regret,two-sided
DCL(G=2),0.6293969322555433,0.716669368566102,0.6352052855120339,0.6013874253600281,0.2194032487043945,0.6137806158078339,0.710154230276442,0.6710526315789473,0.5938371067481748,0.21204092439054284,0.6159979782682761,0.7128989415987225,0.0969009633304464,0.6569437389259191,0.02268371688461526,compas,recorded,1,1.885,0.22557810287871638,2.0,risk,two-sided
DCL-reg(G=2),0.620145140104647,0.7190799131789647,0.6677678150070788,0.6445088397143192,0.21520416832756842,0.6021418360646578,0.7126548178323862,0.6865325077399381,0.6294796402388636,0.20685350746208314,0.618169686302214,0.7158753329485928,0.09770564664637882,0.6621530211739134,0.006129866431681213,compas,recorded,1,1.885,0.0,2.0,regret,two-sided
DCL(G=3),0.639348919671224,0.7098916538326443,0.6168003775365739,0.5779534012410724,0.22404702302059218,0.6254412402961252,0.7055182243427587,0.6571207430340558,0.5698572428589841,0.21742507075170625,0.6096790973645455,0.7062107578369896,0.0965316604724441,0.6593871372122716,0.03548973957123125,compas,recorded,1,1.885,0.3473336479471449,3.0,risk,two-sided
DCL-reg(G=3),0.6208266256379054,0.7192321201804869,0.6677678150070788,0.6445088397143192,0.21548358063353149,0.6032793146386101,0.7128064451728173,0.6865325077399381,0.6294796402388636,0.2073148519541322,0.6182204578565564,0.7158148815897294,0.09759442373317295,0.6609859248302189,0.007500533871351636,compas,recorded,1,1.885,0.0,3.0,regret,two-sided
Manski(G=inf),0.6810116475430015,0.5850440859924528,0.5530910806984427,0.5010537407797682,0.24401752369560512,0.6768356111242715,0.594869436224277,0.6153250773993808,0.5020040080160321,0.24195136851821808,0.5387117998702047,0.5819796965469596,0.0432678966767549,0.6840769690715566,0.08079386305657345,compas,recorded,1,1.885,,,,
ORACLE(uncensored),0.6190087975869903,0.7192005980204084,0.6715431807456347,0.6627561175506381,0.21320027879245243,0.6083392310900151,0.7117968597977796,0.6795665634674922,0.6509235368593429,0.20874914118043641,0.601688420726623,0.7008265312267228,0.0991381105000998,0.7319866977860248,0.0847874774698226,compas,recorded,1,1.885,,,,
ERM-observed,0.665873015060632,0.6926858998578651,0.6507786691835772,0.6399214659685863,0.22940062613317586,0.6522931291827581,0.6878717037149098,0.6744186046511628,0.6402416251430084,0.2224328639153722,0.6342892098465394,0.7330757999260046,0.09878659007946522,0.7156454273171455,0.07110495564942265,compas,recorded,2,1.885,,,,
IPW,0.670593194668303,0.6903870027527392,0.6521944313355357,0.6407400910383044,0.23099512595931185,0.6545831076668118,0.6871365694997305,0.6759189797449362,0.64112922288513,0.2231632114475244,0.6332921308083579,0.7324389814738649,0.09914685066550699,0.7203429786872084,0.07583465712573066,compas,recorded,2,1.885,,,,
AIPW,0.7253353510360506,0.6899349597884168,0.6488909863142992,0.6361351001241431,0.23151856706534032,0.7101153293968128,0.6887841211009522,0.668417104276069,0.6305005058479809,0.2224331251426504,0.6313215921464176,0.7298693791576426,0.09854778701122502,0.7689466757411865,0.12510449016977354,compas,recorded,2,1.885,,,,
Imputation,0.6516568746025523,0.6987716126014286,0.653610193487494,0.6392085424875407,0.22239912123818975,0.6362036771034112,0.6948862078420619,0.6759189797449362,0.6356263532615376,0.21433604904075856,0.635564376447305,0.733493787923829,0.09792941147652401,0.6891489350446498,0.04405226795675155,compas,recorded,2,1.885,,,,
Heckman(rho=-0.44),0.6328689472222502,0.7109961137798888,0.6503067484662577,0.6525588780338605,0.21910006056595033,0.6344659730598425,0.7050374422056863,0.6526631657914479,0.6488670423494038,0.21912099147444752,0.6119170096481715,0.7125220885296768,0.10060507888150527,0.7199203476433392,0.09497308621685015,compas,recorded,2,1.885,,,,
DCL(G=1),0.6275936043316368,0.7028561918641263,0.6446436998584237,0.6244665443227002,0.21891083477470544,0.6098719957891904,0.6986576118302242,0.6744186046511628,0.6216694401633842,0.210534476488032,0.6391915679273296,0.7373000219249363,0.0981084539976067,0.6559988595793435,0.007250206381212183,compas,recorded,2,1.885,0.0,1.0,risk,two-sided
DCL-reg(G=1),0.6275936043316368,0.7028561918641263,0.6446436998584237,0.6244665443227002,0.21891083477470544,0.6098719957891904,0.6986576118302242,0.6744186046511628,0.6216694401633842,0.210534476488032,0.6391915679273296,0.7373000219249363,0.0981084539976067,0.6559988595793435,0.007250206381212183,compas,recorded,2,1.885,0.0,1.0,regret,two-sided
DCL(G=1.5),0.6270389755465454,0.704849678847088,0.6418121755545069,0.6180349399974812,0.21859666771841288,0.6118122008499928,0.700443444304719,0.6676669167291823,0.6078732638068134,0.2113807136386124,0.6391677455173175,0.7367518164141548,0.0975840708968373,0.6499970113633695,0.015078094421905067,compas,recorded,2,1.885,0.08588957055214724,1.5,risk,two-sided
DCL-reg(G=1.5),0.6274661769183913,0.7029596444828269,0.6446436998584237,0.6244665443227002,0.21885292841120388,0.6098598148134144,0.6987568904059075,0.6744186046511628,0.6216694401633842,0.2105280867641875,0.6392132649536136,0.7372823625527619,0.09806909759914828,0.65554959969632,0.0068009464981886,compas,recorded,2,1.885,0.0,1.5,regret,two-sided
DCL(G=2),0.6298492010321062,0.704161943829726,0.634261444077395,0.6071197891365754,0.2198335673263022,0.6159534206957203,0.7007117328366254,0.6639159789947486,0.5982597883948072,0.21322823142904282,0.6379847391420985,0.7351465980229492,0.09716185888085072,0.6491956022672648,0.024384291676394335,compas,recorded,2,1.885,0.17366682397357244,2.0,risk,two-sided
DCL-reg(G=2),0.6272823150959644,0.7032259225274824,0.6446436998584237,0.6244665443227002,0.21876634811322573,0.6098833027337297,0.6990901827671303,0.6744186046511628,0.6216694401633842,0.2105343124625323,0.6392465204230329,0.7372517686665814,0.0980052482435485,0.6547826320366256,0.006391002146635552,compas,recorded,2,1.885,0.0,2.0,regret,two-sided
DCL(G=3),0.6372691964913395,0.7029425523110416,0.6267107126002831,0.5947005271585614,0.22322650725626064,0.6248380563605878,0.6999813261726691,0.6639159789947486,0.5889736959049952,0.21728265359113907,0.6329990157039591,0.7294698181595494,0.09647080245559025,0.6520802527779999,0.039244236969150754,compas,recorded,2,1.885,0.2883435582822086,3.0,risk,two-sided
DCL-reg(G=3),0.6270982381415954,0.7036658210539573,0.6446436998584237,0.6244665443227002,0.2186656318898087,0.6101137400830046,0.6997236746310147,0.6744186046511628,0.6216694401633842,0.21061953874441322,0.6393104674959043,0.7371751839912617,0.09786471649535744,0.6534163813268349,0.008011970072214459,compas,recorded,2,1.885,0.0,3.0,regret,two-sided
Manski(G=inf),0.6802113160165927,0.5887677443730772,0.5526191599811232,0.5036649214659686,0.2436350600329473,0.6757580308460048,0.600377731342719,0.6129032258064516,0.5047984644913628,0.24144591205828878,0.5450149762075696,0.5860963260315099,0.041081349823940294,0.682966228696479,0.09463442192475317,compas,recorded,2,1.885,,,,
ORACLE(uncensored),0.6486344795008636,0.7016219571436282,0.654554034922133,0.6440159406991598,0.22341742565027892,0.6366651351656052,0.6916962926543309,0.6624156039009752,0.6297015496912909,0.21861617745921721,0.6234423600360832,0.7224615232346359,0.09901916319855264,0.717862198544447,0.0789396019846171,compas,recorded,2,1.885,,,,
ERM-observed,0.6824292715972022,0.6810765406272836,0.6248230297310052,0.6174105927528548,0.2354850878639549,0.682394979743958,0.6601187548310028,0.6256564141035259,0.5970955425948048,0.23551577062926451,0.6464426460597933,0.7438068240213763,0.09736417796158303,0.7048480888125592,0.06823724448604453,compas,recorded,3,1.885,,,,
IPW,0.6838683238945119,0.680521327353746,0.634261444077395,0.626144903500351,0.23588236649050343,0.6814287350124522,0.6617232333169372,0.6384096024006002,0.6086712107371232,0.23504364655730975,0.6443311159827197,0.7421192830056904,0.09778816702297066,0.7071398353356884,0.07055989487509223,compas,recorded,3,1.885,,,,
AIPW,0.7582848624556536,0.6779780923588324,0.6267107126002831,0.617115971515768,0.23786883022560848,0.7584273341776027,0.6648267865926498,0.6294073518379595,0.5949921532803972,0.23506902938321278,0.640849959189531,0.7386716873941026,0.09782172820457158,0.7847657244454527,0.149392164664406,compas,recorded,3,1.885,,,,
Imputation,0.6552064086643216,0.6884949063659679,0.6389806512505899,0.6280115842563008,0.22793284698287333,0.6498363502165155,0.6716241538425504,0.641410352588147,0.6028611247745532,0.2254120145127757,0.6478181595932644,0.7442573075671871,0.09643914797392272,0.6791871683483163,0.04170879316250767,compas,recorded,3,1.885,,,,
Heckman(rho=-0.41),0.6227979322273124,0.7148397761953204,0.6578574799433695,0.6587018934563638,0.21584424131965838,0.6289505137489537,0.6963424917433771,0.6496624156039009,0.644558826973977,0.2183980623151078,0.611923905938094,0.7121834117936492,0.10025950585555521,0.7125635512236663,0.10011896836509128,compas,recorded,3,1.885,,,,
DCL(G=1),0.6391000490916137,0.692701990170934,0.6399244926852289,0.6276587551760205,0.2239637958117089,0.6312924007259441,0.673377368655283,0.6459114778694673,0.6038484060618836,0.22049178701471825,0.6527476794375359,0.7489157457134153,0.09616806627587948,0.6494352333678337,0.007363302244367004,compas,recorded,3,1.885,0.0,1.0,risk,two-sided
DCL-reg(G=1),0.6391000490916137,0.692701990170934,0.6399244926852289,0.6276587551760205,0.2239637958117089,0.6312924007259441,0.673377368655283,0.6459114778694673,0.6038484060618836,0.22049178701471825,0.6527476794375359,0.7489157457134153,0.09616806627587948,0.6494352333678337,0.007363302244367004,compas,recorded,3,1.885,0.0,1.0,regret,two-sided
DCL(G=1.5),0.6351826008833089,0.6946103119223992,0.6352052855120339,0.6191469774905793,0.22229680127018905,0.6270286657220601,0.6759082285152133,0.6511627906976745,0.599918019347434,0.21862835506784709,0.6527736504913779,0.7483040104648983,0.09553035997352033,0.643336118384132,0.015117928728302471,compas,recorded,3,1.885,0.08400188768286927,1.5,risk,two-sided
DCL-reg(G=1.5),0.6387135233100609,0.6928582558422764,0.6399244926852289,0.6276587551760205,0.22380948942878093,0.6309083713851981,0.6736338509825968,0.6459114778694673,0.6038484060618836,0.22033546570167478,0.652772301817464,0.7488963264177306,0.09612402460026659,0.6489547200315315,0.006882788908064938,compas,recorded,3,1.885,0.0,1.5,regret,two-sided
DCL(G=2),0.6355377023110423,0.6945283731892883,0.6276545540349221,0.6088849347355753,0.22246485171600172,0.6270205197205942,0.6756564307966177,0.6481620405101275,0.5915595062422412,0.21858832734111192,0.6517291094868514,0.7467475790345244,0.09501846954767301,0.6425135046711147,0.024567098929015204,compas,recorded,3,1.885,0.15950920245398773,2.0,risk,two-sided
DCL-reg(G=2),0.6380647286669611,0.6931304894473658,0.6399244926852289,0.6276587551760205,0.22354774116394718,0.6302644085008556,0.6740601503759399,0.6459114778694673,0.6038484060618836,0.22007011776949092,0.6528192535246421,0.7488543118692136,0.09603505834457149,0.6481358830554701,0.006444450354864809,compas,recorded,3,1.885,0.0,2.0,regret,two-sided
DCL(G=3),0.6397411546261247,0.6938334610920867,0.6215195847097688,0.5991897468227473,0.22436908513622705,0.6303942853272733,0.6760089476026516,0.6444111027756939,0.5779542313728245,0.22002441284782429,0.6470569738109224,0.7414705277418643,0.09441355393094186,0.6455144653338866,0.03977698535335022,compas,recorded,3,1.885,0.2732420953279849,3.0,risk,two-sided
DCL-reg(G=3),0.6369579420678103,0.6936946577737022,0.6399244926852289,0.6276587551760205,0.2230909176719535,0.6291687079147076,0.6748588761623685,0.6459114778694673,0.6038484060618836,0.21960623103996144,0.6528977430068708,0.7487615957952352,0.0958638527883644,0.6466852765683437,0.008184397962206508,compas,recorded,3,1.885,0.0,3.0,regret,two-sided
Manski(G=inf),0.6805345492669171,0.5994028770793632,0.5403492213308164,0.5046463291447566,0.24378245519039796,0.6751398852223812,0.6102382123533132,0.6009002250562641,0.5031117513409693,0.24112879700507914,0.5518627233126812,0.6022500235235685,0.05038730021088733,0.6832953104419819,0.1055066513243209,compas,recorded,3,1.885,,,,
ORACLE(uncensored),0.6376923674311774,0.7014909267405041,0.6512505899008967,0.6447302200793776,0.2217393152794071,0.6409842672918799,0.6784566556578362,0.6421605401350338,0.6151921860726582,0.2231356813365686,0.6333876599320685,0.7313107239727967,0.09792306404072826,0.7011247363997287,0.07063728106041345,compas,recorded,3,1.885,,,,
ERM-observed,0.634583579969172,0.7125143313792861,0.6625766871165644,0.64902114654634,0.21759957701393545,0.6257487154448801,0.7012232490272373,0.6765601217656012,0.6373492217898833,0.21392752474108906,0.6142653840924918,0.7142486457778061,0.09998326168531435,0.7198569774162477,0.06981099510775117,compas,recorded,4,1.885,,,,
IPW,0.6339216072534605,0.7135060538265907,0.6630486078338839,0.6493541205077763,0.216973020207935,0.6235109243984178,0.7037743190661478,0.6757990867579908,0.6360286964980545,0.21276104034813303,0.6140619913527394,0.7143777559100681,0.10031576455732871,0.7217761757477562,0.0714532707303884,compas,recorded,4,1.885,,,,
AIPW,0.6640475614566628,0.7115590560818144,0.6668239735724398,0.6534555497760075,0.21748109084337094,0.6495214517866255,0.7057283560311285,0.6750380517503806,0.6354036964980545,0.2123001263694561,0.6105730340982031,0.7106743986978543,0.10010136459965124,0.7674553936243521,0.11795878765589561,compas,recorded,4,1.885,,,,
Imputation,0.6348080517743823,0.717259660294565,0.6663520528551203,0.6513015682173654,0.2140669076524902,0.618543927853553,0.7093324416342413,0.6757990867579908,0.6328988326848248,0.20887201318679569,0.614695329462834,0.7140135139339155,0.09931818447108154,0.6986854415648266,0.048062356467046354,compas,recorded,4,1.885,,,,
Heckman(rho=-0.45),0.6224130161804965,0.7273424718187038,0.661160924964606,0.664890505562465,0.21456065748464717,0.614935887741902,0.7277748054474709,0.6689497716894978,0.6676142996108949,0.21173783227528387,0.5896534344881157,0.6920925584076913,0.10243912391957566,0.7318735837206687,0.10168544393971853,compas,recorded,4,1.885,,,,
DCL(G=1),0.6157761112709986,0.7277654387426904,0.6705993393109958,0.6496978936247185,0.2131577117796788,0.6013391674941403,0.7179523346303501,0.682648401826484,0.6270476653696497,0.20668297170655098,0.619663474660354,0.7190940609364498,0.0994305862760958,0.6615024848942682,0.0071490553387443204,compas,recorded,4,1.885,0.0,1.0,risk,two-sided
DCL-reg(G=1),0.6157761112709986,0.7277654387426904,0.6705993393109958,0.6496978936247185,0.2131577117796788,0.6013391674941403,0.7179523346303501,0.682648401826484,0.6270476653696497,0.20668297170655098,0.619663474660354,0.7190940609364498,0.0994305862760958,0.6615024848942682,0.0071490553387443204,compas,recorded,4,1.885,0.0,1.0,regret,two-sided
DCL(G=1.5),0.6216221543976549,0.727814934872093,0.6550259556394525,0.628742132365249,0.21586928020828772,0.6067123862721076,0.7180982490272374,0.6712328767123288,0.6058487354085603,0.20904007177907907,0.6194596131305443,0.7182232423320696,0.09876362920152526,0.6556174331520164,0.015094765220515992,compas,recorded,4,1.885,0.11798017932987258,1.5,risk,two-sided
DCL-reg(G=1.5),0.6159164453722352,0.72784553247936,0.6705993393109958,0.6496978936247185,0.2132191236791464,0.601530579021556,0.7180812256809339,0.682648401826484,0.6270476653696497,0.20675787102329615,0.6196875351814014,0.7190744478630956,0.0993869126816942,0.661099576527065,0.006746146971540953,compas,recorded,4,1.885,0.0,1.5,regret,two-sided
DCL(G=2),0.628035903763673,0.7244253499376349,0.6352052855120339,0.60316028286588,0.21885407083842306,0.6128466183547381,0.7168640564202334,0.6613394216133942,0.5862475680933852,0.21179562788789533,0.6175187832229423,0.7158288576924784,0.0983100744695361,0.6548648584973673,0.023834605044844717,compas,recorded,4,1.885,0.21755545068428503,2.0,risk,two-sided
DCL-reg(G=2),0.6162080862592553,0.7279778221343092,0.6705993393109958,0.6496978936247185,0.21334580359878336,0.6019175438366434,0.7182417315175097,0.682648401826484,0.6270476653696497,0.2069103138147127,0.619722206587846,0.7190422474269006,0.09932004083905455,0.6604103942609045,0.006378360702550266,compas,recorded,4,1.885,0.0,2.0,regret,two-sided
DCL(G=3),0.6379135370283533,0.7104971391237205,0.608305804624823,0.5694210212761361,0.2234584094172242,0.6236004538890317,0.7088144455252918,0.6415525114155252,0.5536527237354085,0.21671861038431375,0.6097801398292249,0.7074999914497176,0.09771985162049279,0.6573724305668042,0.03695873845827955,compas,recorded,4,1.885,0.3614912694667296,3.0,risk,two-sided
DCL-reg(G=3),0.6169485102544718,0.7284322865951882,0.6705993393109958,0.6496978936247185,0.21366494036855196,0.6028627710858279,0.718740272373541,0.682648401826484,0.6270476653696497,0.2072872403267528,0.6197964210206357,0.7189535433761205,0.0991571223554848,0.6591762785324318,0.007829171718573275,compas,recorded,4,1.885,0.0,3.0,regret,two-sided
Manski(G=inf),0.6803786513489627,0.5812186487016716,0.5502595563945257,0.5002875275153483,0.24374748835190813,0.6750765370126958,0.5932745622568093,0.60882800608828,0.5003477626459144,0.24116106469403173,0.5355672732437046,0.5747239964286394,0.039156723184934794,0.683950514172622,0.08480283948401271,compas,recorded,4,1.885,,,,
ORACLE(uncensored),0.6238294164018192,0.7211181085639105,0.6748466257668712,0.6653458699529697,0.21377855014156652,0.614521145698432,0.7144394455252917,0.6757990867579908,0.6436794747081712,0.21001415138127338,0.6021942733594804,0.70315719873412,0.10096292537463958,0.7299220157714236,0.08550756542043447,compas,recorded,4,1.885,,,,
ERM-observed,0.6563541356393239,0.709114593798138,0.6708933717579251,0.6587469024177885,0.22193337932606821,0.6281173615026202,0.7060560539231353,0.6899724011039559,0.6553681646104564,0.2125439992400534,0.6355741460390456,0.7420789837232841,0.10650483768423846,0.7083428309997052,0.0741816481098301,compas,exposure_adjusted,0,2.135,,,,
IPW,0.6580411675142654,0.7061717232603308,0.6703170028818444,0.658217801888688,0.22311406707100273,0.6321456843300526,0.7015245786367219,0.6826126954921803,0.6468130517852451,0.2142139953724267,0.6347136677734373,0.7418888484945574,0.10717518072112009,0.7096784382824547,0.07573205324422094,compas,exposure_adjusted,0,2.135,,,,
AIPW,0.749629188393534,0.7024030540486237,0.667435158501441,0.6540151362936173,0.22620753174695835,0.698652171792356,0.6978312131995198,0.6844526218951242,0.6470740732848934,0.21651942289727377,0.628812858967474,0.7360699641133287,0.10725710514585474,0.8064786651536234,0.17415210998575567,compas,exposure_adjusted,0,2.135,,,,
Imputation,0.6562598116560253,0.7140479539213717,0.6708933717579251,0.6554249547920434,0.21875218563857,0.6238557276047821,0.7118979636771714,0.68721251149954,0.6439187317551299,0.20816588349649792,0.63629660021895,0.7416919485047581,0.1053953482858081,0.6987818396574266,0.06473431806567784,compas,exposure_adjusted,0,2.135,,,,
Heckman(rho=-0.52),0.6000494035429397,0.7484039916951308,0.6812680115273775,0.6829080436675373,0.20552007255195237,0.5943049528945776,0.7495028161911459,0.6761729530818767,0.6749003856725831,0.2033155750588331,0.6016323107985803,0.7122758911543793,0.11064358035579902,0.7380182169687178,0.129951225981949,compas,exposure_adjusted,0,2.135,,,,
DCL(G=1),0.617240488264394,0.7246025048556695,0.6587896253602306,0.6394347331056192,0.21303866348653125,0.5956134602015707,0.7193237589936999,0.6826126954921803,0.6309564395957186,0.20345241536966324,0.6416773050113699,0.7472134233370363,0.10553611832566645,0.6484848065553889,0.009122141626770459,compas,exposure_adjusted,0,2.135,0.0,1.0,risk,two-sided
DCL-reg(G=1),0.617240488264394,0.7246025048556695,0.6587896253602306,0.6394347331056192,0.21303866348653125,0.5956134602015707,0.7193237589936999,0.6826126954921803,0.6309564395957186,0.20345241536966324,0.6416773050113699,0.7472134233370363,0.10553611832566645,0.6484848065553889,0.009122141626770459,compas,exposure_adjusted,0,2.135,0.0,1.0,regret,two-sided
DCL(G=1.5),0.617505584365172,0.728056392739937,0.6570605187319885,0.6327606992163954,0.21329199178968133,0.5977754844509064,0.7221843415510716,0.6844526218951242,0.6212027586598766,0.20446690655812616,0.6415495479141234,0.7465563161513032,0.1050067682371798,0.6417794105179943,0.015687160524004512,compas,exposure_adjusted,0,2.135,0.10662824207492795,1.5,risk,two-sided
DCL-reg(G=1.5),0.6171394566204006,0.7247806576920501,0.6587896253602306,0.6394347331056192,0.21301921677888982,0.5956462736030935,0.7195687995852066,0.6826126954921803,0.6309564395957186,0.2034799110823612,0.6417127877987934,0.7471878003811835,0.10547501258239012,0.6480067721052143,0.008644107176595986,compas,exposure_adjusted,0,2.135,0.0,1.5,regret,two-sided
DCL(G=2),0.6211329538539113,0.7279713348067778,0.6449567723342939,0.6169780992565803,0.21508762731910178,0.6022265157814544,0.7222411625577977,0.6752529898804048,0.6032064804358171,0.2065468069448422,0.6400680177221607,0.7445710243080725,0.10450300658591183,0.6401314520473406,0.02399079146289015,compas,exposure_adjusted,0,2.135,0.1988472622478386,2.0,risk,two-sided
DCL-reg(G=2),0.6169930579087265,0.7249989953787422,0.6587896253602306,0.6394347331056192,0.21299790262991591,0.5957429030019085,0.7198529046188374,0.6826126954921803,0.6309564395957186,0.2035442099839372,0.6417641037633631,0.7471453816853536,0.10538127792199048,0.647183166279444,0.007820501350825817,compas,exposure_adjusted,0,2.135,0.0,2.0,regret,two-sided
DCL(G=3),0.6288135025667877,0.7247679324894515,0.6322766570605187,0.600770209630969,0.21881601495719188,0.6108452275417019,0.7204104607473383,0.6660533578656854,0.5856274814799032,0.21057672123187018,0.6364849704837247,0.7404844307568796,0.10399946027315499,0.6414056261556215,0.037152621346980476,compas,exposure_adjusted,0,2.135,0.2801152737752161,3.0,risk,two-sided
DCL-reg(G=3),0.6168441971016984,0.7254919295425626,0.6587896253602306,0.6394347331056192,0.21301172811641192,0.5960889269020256,0.7203820502439752,0.6826126954921803,0.6309564395957186,0.2037339208610962,0.6418584921390328,0.7470448267648842,0.10518633462585136,0.6456858943540755,0.008990101678386955,compas,exposure_adjusted,0,2.135,0.0,3.0,regret,two-sided
Manski(G=inf),0.6722844683848301,0.6196892371575915,0.5527377521613833,0.5088607594936709,0.2399087366240456,0.662525616093786,0.6303988834672178,0.6136154553817847,0.5070422535211268,0.23522338859108244,0.5659752206382664,0.6327113254993081,0.06673610486104165,0.6747435098478074,0.10035695969641543,compas,exposure_adjusted,0,2.135,,,,
ORACLE(uncensored),0.6173290487993335,0.7250425289665796,0.684149855907781,0.6761067577523274,0.21113684670047592,0.6005648825926172,0.7178286562542171,0.6982520699172033,0.6713561753780373,0.20514396208898383,0.6225929257668188,0.7303165511381717,0.10772362537135294,0.7136380927137761,0.08639857722161194,compas,exposure_adjusted,0,2.135,,,,
ERM-observed,0.6710639782609498,0.7043325921433865,0.6714697406340058,0.6590829458931339,0.22491774599771452,0.6550064053450406,0.6964449384404924,0.6819407008086253,0.6478402872777018,0.21766235925897842,0.6429316202521104,0.7529966954623246,0.11006507521021425,0.7216076793373619,0.08848483858909278,compas,exposure_adjusted,1,2.135,,,,
IPW,0.6779837110556665,0.7011360420456844,0.6605187319884727,0.6472171686544033,0.22689346824460319,0.6620135968966341,0.693343023255814,0.6693620844564241,0.632718878248974,0.21985313407942783,0.6420463716372254,0.7526441914959838,0.11059781985875838,0.7279660605733433,0.0950220309438828,compas,exposure_adjusted,1,2.135,,,,
AIPW,0.7488660076737134,0.6934505761067313,0.6645533141210375,0.6498585001010714,0.22984961046752134,0.737009932299805,0.6876932284541724,0.6774483378256964,0.640608755129959,0.22130416876720468,0.6391916943226573,0.7485186625524765,0.10932696822981913,0.7924421312992068,0.1609082679216893,compas,exposure_adjusted,1,2.135,,,,
Imputation,0.6625415604333847,0.7046560204837948,0.6634005763688761,0.6467556094602789,0.22027147453356075,0.6420353983809199,0.6986627906976745,0.6783468104222821,0.6359387824897401,0.21143932366984397,0.6450110320562807,0.7532310266854347,0.10821999462915399,0.6958418146932329,0.062211362508077794,compas,exposure_adjusted,1,2.135,,,,
Heckman(rho=-0.38),0.647413339988519,0.7131379287110032,0.6564841498559078,0.6531399501381309,0.21817640011929879,0.6427878944525527,0.6930642954856361,0.6469002695417789,0.6307404240766075,0.21873921169290012,0.6203237209094893,0.7335704273097071,0.11324670640021783,0.7378662989428256,0.1223310611299537,compas,exposure_adjusted,1,2.135,,,,
DCL(G=1),0.6186929896150117,0.7159571457448959,0.6697406340057637,0.6493868337713092,0.21382492816736595,0.5992763144762502,0.708655950752394,0.6909254267744834,0.6416159370725034,0.2051337313882995,0.6496999456387137,0.7580407755477866,0.1083408299090729,0.6471598030950105,0.009860718085132674,compas,exposure_adjusted,1,2.135,0.0,1.0,risk,two-sided
DCL-reg(G=1),0.6186929896150117,0.7159571457448959,0.6697406340057637,0.6493868337713092,0.21382492816736595,0.5992763144762502,0.708655950752394,0.6909254267744834,0.6416159370725034,0.2051337313882995,0.6496999456387137,0.7580407755477866,0.1083408299090729,0.6471598030950105,0.009860718085132674,compas,exposure_adjusted,1,2.135,0.0,1.0,regret,two-sided
DCL(G=1.5),0.6206336976457677,0.7168465736810189,0.6639769452449568,0.6351155582507917,0.21497662229930395,0.6022120370921283,0.7095588235294118,0.6972147349505841,0.6341108071135431,0.20667235412334056,0.6495872884016157,0.75705944858016,0.10747216017854433,0.6400358804873405,0.016732831227185375,compas,exposure_adjusted,1,2.135,0.1319884726224784,1.5,risk,two-sided
DCL-reg(G=1.5),0.6185648176145557,0.716015767131595,0.6697406340057637,0.6493868337713092,0.2137971738415433,0.5992277149157709,0.7087773597811218,0.6909254267744834,0.6416159370725034,0.205135060983701,0.6497353031818311,0.758015116171461,0.10827981298962985,0.6466479388566211,0.009348853846743192,compas,exposure_adjusted,1,2.135,0.0,1.5,regret,two-sided
DCL(G=2),0.6243777377679156,0.7153433057071626,0.6518731988472622,0.6187655818341082,0.21684233266363126,0.606528767689403,0.7082729138166894,0.6873315363881402,0.616672366621067,0.20873975816730095,0.6485047178265995,0.7553830308821353,0.10687831305553586,0.6382923638848983,0.025505549958712688,compas,exposure_adjusted,1,2.135,0.19481268011527378,2.0,risk,two-sided
DCL-reg(G=2),0.6183720333626874,0.716097971834782,0.6697406340057637,0.6493868337713092,0.21376084677170845,0.5991801699639501,0.7089038987688098,0.6909254267744834,0.6416159370725034,0.20515179025741498,0.6498042478797559,0.7579581859640174,0.10815393808426155,0.645765663544339,0.008466578534461137,compas,exposure_adjusted,1,2.135,0.0,2.0,regret,two-sided
DCL(G=3),0.6313285883940172,0.7096240145542754,0.631700288184438,0.5903645306920019,0.2201845879001116,0.6140332843357568,0.702359781121751,0.6711590296495957,0.584702462380301,0.2122328330415022,0.6425525208180651,0.7489069058841303,0.1063543850660652,0.639630550338809,0.03941898393565661,compas,exposure_adjusted,1,2.135,0.3164265129682997,3.0,risk,two-sided
DCL-reg(G=3),0.6181419393035851,0.7163971430496597,0.6697406340057637,0.6493868337713092,0.21374513730870062,0.5992495208196239,0.7092595759233926,0.6909254267744834,0.6416159370725034,0.205245269578806,0.6499141144469772,0.7578442464625703,0.1079301320155931,0.6441612481237915,0.00971806242047611,compas,exposure_adjusted,1,2.135,0.0,3.0,regret,two-sided
Manski(G=inf),0.673625610246042,0.60563439121353,0.5596541786743516,0.5009298564786739,0.24043197919295606,0.6646781759069331,0.613671340629275,0.6190476190476191,0.5016261969904241,0.23607042717683768,0.5672167438594727,0.6345665318372471,0.06734978797777436,0.673305739487186,0.10261840890516546,compas,exposure_adjusted,1,2.135,,,,
ORACLE(uncensored),0.6487006868781715,0.7074813017990702,0.6645533141210375,0.6549693416885655,0.22070565578020587,0.6338311087802722,0.6984302325581396,0.6729559748427673,0.6446203830369357,0.21572886751404272,0.6329675523609037,0.7430164273736429,0.11004887501273919,0.7246216521055522,0.09825303105832424,compas,exposure_adjusted,1,2.135,,,,
ERM-observed,0.6605516116529448,0.7077032281957905,0.652449567723343,0.6412962967932736,0.22268164404678792,0.6446039135744891,0.7034503590168462,0.6681735985533453,0.6358878762772715,0.2151587800382304,0.6379192937268098,0.7453742553258164,0.10745496159900658,0.7204838660191902,0.08653646407092581,compas,exposure_adjusted,2,2.135,,,,
IPW,0.6652988697128772,0.7061352895553952,0.6547550432276658,0.643739114332717,0.2241620014722423,0.650469075498441,0.7010822286661144,0.6726943942133815,0.6395643468655068,0.21704055654573512,0.6362739528089479,0.7444708632510328,0.1081969104420849,0.7278370988410521,0.0945272371016631,compas,exposure_adjusted,2,2.135,,,,
AIPW,0.7462324513708286,0.7048504789022685,0.6576368876080692,0.6452151370151602,0.22530580863086447,0.6910723097962632,0.7071112952223142,0.6763110307414105,0.6416286937310135,0.21426106465879427,0.6313428645963902,0.7396578547744695,0.10831499017807933,0.7985546010105339,0.166229934909153,compas,exposure_adjusted,2,2.135,,,,
Imputation,0.6512881966132525,0.7144110803680932,0.661671469740634,0.6459048421595017,0.21745223734382352,0.6297788744168386,0.7083436895885116,0.6817359855334539,0.6390258215962441,0.20911667309223336,0.6388824850638679,0.7455989667203722,0.10671648165650427,0.6934810018225414,0.05829673020414823,compas,exposure_adjusted,2,2.135,,,,
Heckman(rho=-0.49),0.6266254643439793,0.7234785560741017,0.6634005763688761,0.6680149910230984,0.21556936854074796,0.6348838678009242,0.7127261115713892,0.6573236889692586,0.6634527754763877,0.21767188276044544,0.6112890359082014,0.7234528953778688,0.11216385946966745,0.7357130001912411,0.12215531207101979,compas,exposure_adjusted,2,2.135,,,,
DCL(G=1),0.618382629634032,0.7192953736081777,0.6605187319884727,0.6386602544663105,0.21413333223519745,0.6010323689725511,0.710934479425573,0.6871609403254972,0.6316003866335267,0.2059011540194095,0.6435376041850908,0.7508849456242342,0.10734734143914348,0.6504035146362126,0.009607291891216114,compas,exposure_adjusted,2,2.135,0.0,1.0,risk,two-sided
DCL-reg(G=1),0.618382629634032,0.7192953736081777,0.6605187319884727,0.6386602544663105,0.21413333223519745,0.6010323689725511,0.710934479425573,0.6871609403254972,0.6316003866335267,0.2059011540194095,0.6435376041850908,0.7508849456242342,0.10734734143914348,0.6504035146362126,0.009607291891216114,compas,exposure_adjusted,2,2.135,0.0,1.0,regret,two-sided
DCL(G=1.5),0.6195687164514613,0.7202722322561945,0.6518731988472622,0.625512917882149,0.21474455366892778,0.6044017491770721,0.7120149820491578,0.6862567811934901,0.6194663076498205,0.20750382143021842,0.643385959178622,0.750240679447844,0.10685472026922205,0.6432875773851253,0.01668796811273273,compas,exposure_adjusted,2,2.135,0.10086455331412104,1.5,risk,two-sided
DCL-reg(G=1.5),0.6183164429441094,0.7193181848678154,0.6605187319884727,0.6386602544663105,0.21411738889062298,0.6010874531953296,0.7108723418945042,0.6871609403254972,0.6316003866335267,0.20593833475581422,0.6435584269904795,0.7508698916128362,0.10731146462235674,0.6499082479978993,0.009112025252902804,compas,exposure_adjusted,2,2.135,0.0,1.5,regret,two-sided
DCL(G=2),0.6232099577506226,0.7187666891201026,0.6409221902017291,0.6110700359344431,0.21646591200680346,0.6095316477076511,0.7108654377243855,0.6817359855334539,0.6074599558133112,0.2099136364411982,0.6421867034668768,0.7486929123736623,0.10650620890678553,0.6415507193167855,0.025516542740312356,compas,exposure_adjusted,2,2.135,0.17636887608069166,2.0,risk,two-sided
DCL-reg(G=2),0.6182363017493059,0.7194322411660041,0.6605187319884727,0.6386602544663105,0.21410334771615844,0.6012241434988226,0.7109448356807512,0.6871609403254972,0.6316003866335267,0.2060196844992951,0.6435929790207426,0.7508402052218912,0.10724722620114857,0.6490541349327783,0.008257912187781971,compas,exposure_adjusted,2,2.135,0.0,2.0,regret,two-sided
DCL(G=3),0.6309006231995138,0.7125848377582704,0.6265129682997118,0.5924466551984178,0.22008248936792385,0.6188404366369574,0.703572908036454,0.6618444846292948,0.5781310411488539,0.2142745193905569,0.6373595861492164,0.743042242143811,0.10568265599459459,0.6428446873348806,0.03903982768074517,compas,exposure_adjusted,2,2.135,0.2974063400576369,3.0,risk,two-sided
DCL-reg(G=3),0.6182360752204273,0.7195811852730508,0.6605187319884727,0.6386602544663105,0.21413619269813663,0.6016515333025286,0.7109413835956917,0.6871609403254972,0.6316003866335267,0.20624217830164707,0.6436626253977391,0.7507672431007478,0.10710461770300872,0.6474986831111023,0.009469874719891505,compas,exposure_adjusted,2,2.135,0.0,3.0,regret,two-sided
Manski(G=inf),0.6764110814146617,0.6048962356054242,0.5544668587896253,0.5059839301385046,0.24174964005928684,0.6707764478376367,0.6126190969345485,0.6193490054249547,0.5067453742060204,0.23893850627704247,0.5657134972905745,0.6300067797573157,0.06429328246674115,0.6760668780874843,0.10126523560671753,compas,exposure_adjusted,2,2.135,,,,
ORACLE(uncensored),0.6325095816166829,0.719843514758885,0.6634005763688761,0.6557391787409794,0.2156340672331164,0.6269806138543766,0.7094656172328087,0.6672694394213382,0.6404135597901133,0.2127099719541705,0.6284669387551826,0.7372011160957076,0.10873417734052504,0.7213927420594248,0.09267338008802684,compas,exposure_adjusted,2,2.135,,,,
ERM-observed,0.69257917820257,0.6884893613020553,0.6536023054755044,0.6423625941177576,0.23284584484849205,0.6968721742930563,0.6692007216511909,0.6625222024866785,0.6313554132115133,0.2315718432064021,0.6529602809555932,0.7603424897427988,0.10738220878720561,0.7145963044156429,0.08740571452124285,compas,exposure_adjusted,3,2.135,,,,
IPW,0.6934243898459445,0.6896518146628952,0.654178674351585,0.6426446451931781,0.23270716451468593,0.6948937991326917,0.670885677872122,0.6714031971580817,0.638654683284506,0.23103048081594807,0.6514842645374226,0.7592103809120018,0.10772611637457918,0.7178322241383979,0.09098433093712056,compas,exposure_adjusted,3,2.135,,,,
AIPW,0.803752411467985,0.6895933897972724,0.6547550432276658,0.6426862813043117,0.23424696707370649,0.7942131417224326,0.6710727113229721,0.6625222024866785,0.6301438336891935,0.23236963469186758,0.6461529066899113,0.7545868598754918,0.10843395318558047,0.8243958394837292,0.19779202875570231,compas,exposure_adjusted,3,2.135,,,,
Imputation,0.6761822576772101,0.6970932622027384,0.6605187319884727,0.6468290743620945,0.22498426514724737,0.6734334760478109,0.6778704669215618,0.6669626998223801,0.6321780293625967,0.2224875645725328,0.6544921249244601,0.7608496557438919,0.10635753081943178,0.6852965999697835,0.05714466501471773,compas,exposure_adjusted,3,2.135,,,,
Heckman(rho=-0.41),0.6239451010987959,0.7179093031189477,0.6639769452449568,0.6628260711896914,0.21529439735842734,0.6276397040992563,0.698232285614976,0.6545293072824157,0.6453829220252578,0.21764457684148897,0.6197764987989658,0.7309515306073802,0.11117503180841437,0.7270833592413933,0.12192732484006656,compas,exposure_adjusted,3,2.135,,,,
DCL(G=1),0.6330826897368272,0.6996948475984023,0.6587896253602306,0.640453376957233,0.21979430359857047,0.62348935263517,0.6800321101676681,0.672291296625222,0.6288842544316997,0.21503556389619619,0.6594837801492724,0.765580547220173,0.10609676707090054,0.6417631706076574,0.00960436563691734,compas,exposure_adjusted,3,2.135,0.0,1.0,risk,two-sided
DCL-reg(G=1),0.6330826897368272,0.6996948475984023,0.6587896253602306,0.640453376957233,0.21979430359857047,0.62348935263517,0.6800321101676681,0.672291296625222,0.6288842544316997,0.21503556389619619,0.6594837801492724,0.765580547220173,0.10609676707090054,0.6417631706076574,0.00960436563691734,compas,exposure_adjusted,3,2.135,0.0,1.0,regret,two-sided
DCL(G=1.5),0.6319211917688721,0.7007673132351796,0.6438040345821325,0.6176132837997921,0.21976667534458016,0.6224853592793479,0.6809159673601801,0.6634103019538188,0.6038151513646821,0.21511647589616464,0.6593383617095685,0.7648660496670554,0.1055276879574869,0.6347663448446499,0.016182631908641276,compas,exposure_adjusted,3,2.135,0.11930835734870317,1.5,risk,two-sided
DCL-reg(G=1.5),0.6327188974914556,0.6998365446862921,0.6587896253602306,0.640453376957233,0.21969188786865826,0.6231384832929641,0.6802158332919543,0.672291296625222,0.6288842544316997,0.21494677825161476,0.6595043804900798,0.765565524712624,0.1060611442225442,0.6412409811262325,0.009082176155492405,compas,exposure_adjusted,3,2.135,0.0,1.5,regret,two-sided
DCL(G=2),0.6333874260182775,0.6998472894891652,0.6334293948126801,0.6036410107636063,0.22073151579682912,0.6238206062372328,0.6805005213764338,0.6607460035523979,0.5939520333680918,0.2160439708368258,0.6582887279848967,0.7633489921577041,0.10506026417280745,0.633012555688687,0.024966785454181326,compas,exposure_adjusted,3,2.135,0.1861671469740634,2.0,risk,two-sided
DCL-reg(G=2),0.6320973077209853,0.6999681685214882,0.6587896253602306,0.640453376957233,0.2195185617794775,0.6225382667015493,0.6804839697436151,0.672291296625222,0.6288842544316997,0.21479747623564924,0.659540495817276,0.7655354194760159,0.10599492365873986,0.6403418642419838,0.008183059271243989,compas,exposure_adjusted,3,2.135,0.0,2.0,regret,two-sided
DCL(G=3),0.6376996536762574,0.694566218877007,0.6195965417867435,0.5848510367391673,0.22302988479484093,0.628269078141139,0.6782445338232617,0.650088809946714,0.5722693943757552,0.21844901836463432,0.6530440234086113,0.7575423148493843,0.10449829144077294,0.6343819022588317,0.03895476643074462,compas,exposure_adjusted,3,2.135,0.30547550432276654,3.0,risk,two-sided
DCL-reg(G=3),0.6309903057438268,0.7003966175360555,0.6587896253602306,0.640453376957233,0.21921792533810927,0.6214664405562086,0.6809805187281726,0.672291296625222,0.6288842544316997,0.21454270588119514,0.6596097696296116,0.765462144583754,0.10585237495414235,0.6387117961409924,0.009461953231152738,compas,exposure_adjusted,3,2.135,0.0,3.0,regret,two-sided
Manski(G=inf),0.6741834896720595,0.6099703712060773,0.5538904899135446,0.502931316533834,0.2407247785582252,0.6682933486337813,0.6103480808381747,0.6101243339253997,0.5030752933776917,0.23788594703305935,0.5756945497887956,0.6433897039853514,0.0676951541965558,0.6733011717721556,0.11028565793183503,compas,exposure_adjusted,3,2.135,,,,
ORACLE(uncensored),0.6580422583684797,0.6989339812449464,0.6570605187319885,0.64922382230245,0.2246757561987263,0.6663441966048677,0.6746495191750667,0.6616341030195382,0.6370872436565868,0.22681587018526092,0.640583085654676,0.7490860486955132,0.10850296304083717,0.7162778320750782,0.09615350117990515,compas,exposure_adjusted,3,2.135,,,,
ERM-observed,0.6655712764145361,0.6973786710290567,0.6582132564841499,0.6481050197032823,0.22662340813325388,0.6363542697932795,0.6947666884375745,0.6788908765652951,0.6445864737003977,0.2155825804474565,0.6454284637532623,0.7536768909673003,0.10824842721403793,0.714149857916307,0.07618610967432615,compas,exposure_adjusted,4,2.135,,,,
IPW,0.6666093958149452,0.6974820897567108,0.6553314121037463,0.6450118595761712,0.2268305156033361,0.6388605279551062,0.6946595617481693,0.6779964221824687,0.6433579724718965,0.21590236219479408,0.644757482480885,0.7531484062150453,0.10839092373416026,0.7167448194728258,0.07906107969583764,compas,exposure_adjusted,4,2.135,,,,
AIPW,0.7880509367659815,0.6849073126442154,0.655907780979827,0.6449332882051613,0.23418178231917597,0.7482390453839828,0.6895433984041579,0.6815742397137746,0.647221444689799,0.21944589149883179,0.6391859162850304,0.7483289298227023,0.10914301353767186,0.8081752967787922,0.1721256512659925,compas,exposure_adjusted,4,2.135,,,,
Imputation,0.6696251923204667,0.6956856930263543,0.6668587896253603,0.6547399354774588,0.2235180554740482,0.6342066677012427,0.696342487481728,0.6896243291592129,0.6514494932216451,0.21021444583078694,0.6460055140197625,0.7534836650077995,0.10747815098803704,0.6955433307804615,0.057125477127898255,compas,exposure_adjusted,4,2.135,,,,
Heckman(rho=-0.47),0.6232957069033268,0.7216028291065966,0.652449567723343,0.6563435973062779,0.21594004654862523,0.6214912182451953,0.7184606931442374,0.6538461538461539,0.6558866115828141,0.21532641398861954,0.6123619344384935,0.7245329638429769,0.11217102940448342,0.7307216891692849,0.11571558418170162,compas,exposure_adjusted,4,2.135,,,,
DCL(G=1),0.6199461550949704,0.7086372097895899,0.6720461095100865,0.6570379801919559,0.21476986343993124,0.5907337465716974,0.7089851646813672,0.7030411449016101,0.6562200865998334,0.2014503062461957,0.6514028512650213,0.7586285215708872,0.10722567030586594,0.6529304024387372,0.009663418330893432,compas,exposure_adjusted,4,2.135,0.0,1.0,risk,two-sided
DCL-reg(G=1),0.6199461550949704,0.7086372097895899,0.6720461095100865,0.6570379801919559,0.21476986343993124,0.5907337465716974,0.7089851646813672,0.7030411449016101,0.6562200865998334,0.2014503062461957,0.6514028512650213,0.7586285215708872,0.10722567030586594,0.6529304024387372,0.009663418330893432,compas,exposure_adjusted,4,2.135,0.0,1.0,regret,two-sided
DCL(G=1.5),0.6215450128923081,0.7087460009186807,0.6628242074927954,0.640624622253024,0.21561360210515956,0.5952753750887926,0.7088002847496518,0.7048300536672629,0.6387169678308919,0.20345984784170568,0.6513794339730555,0.7579193168776118,0.1065398829045563,0.6458251236470561,0.0164049888960989,compas,exposure_adjusted,4,2.135,0.1106628242074928,1.5,risk,two-sided
DCL-reg(G=1.5),0.619846316162187,0.7086956346552127,0.6720461095100865,0.6570379801919559,0.21473840616424658,0.5908826315328973,0.7090214495277787,0.7030411449016101,0.6562200865998334,0.20151523820844316,0.6514315080517674,0.7586074230474823,0.10717591499571488,0.6524017658781179,0.009134781770274035,compas,exposure_adjusted,4,2.135,0.0,1.5,regret,two-sided
DCL(G=2),0.6249321252203287,0.7076607758284914,0.6512968299711815,0.6257276246195669,0.2172004763904106,0.6011563491856698,0.7079985624289422,0.7003577817531306,0.6273217982078741,0.2061090872609812,0.6505002213873062,0.7564690463595904,0.10596882497228421,0.6440279019439268,0.025471783850222234,compas,exposure_adjusted,4,2.135,0.17406340057636888,2.0,risk,two-sided
DCL-reg(G=2),0.6197102281922162,0.7088205429886132,0.6720461095100865,0.6570379801919559,0.2146981680303492,0.5911965050602187,0.7090801964219686,0.7030411449016101,0.6562200865998334,0.20165026157762597,0.6514828837097449,0.758565021041767,0.1070821373320221,0.651491372714156,0.008224388606312196,compas,exposure_adjusted,4,2.135,0.0,2.0,regret,two-sided
DCL(G=3),0.6324867852991856,0.7022682278865242,0.6311239193083573,0.5999884493369113,0.22072423787512588,0.6121648267803731,0.7014932078223217,0.684257602862254,0.598380313570187,0.21114957930598424,0.6465863386906684,0.751715606595116,0.10512926790444765,0.6454581581179087,0.04021830962058811,compas,exposure_adjusted,4,2.135,0.27262247838616716,3.0,risk,two-sided
DCL-reg(G=3),0.6196158193960724,0.7089669409277599,0.6720461095100865,0.6570379801919559,0.21468569170077165,0.5920118310328992,0.709145854715475,0.7030411449016101,0.6562200865998334,0.20199549652398424,0.6515806996555166,0.758463688418914,0.10688298876339741,0.6498376897182745,0.009514354555448605,compas,exposure_adjusted,4,2.135,0.0,3.0,regret,two-sided
Manski(G=inf),0.6788235082298383,0.5971027982152883,0.5556195965417867,0.5049795445815303,0.24294942847318476,0.6724914750927526,0.5969928501574072,0.6386404293381037,0.5052613027296572,0.23983354071444768,0.5634497038721605,0.6281556683791716,0.06470596450701105,0.6795334165005344,0.10655686678243328,compas,exposure_adjusted,4,2.135,,,,
ORACLE(uncensored),0.6440230927480989,0.7092469773526417,0.6564841498559078,0.6483407338163123,0.2192645926792899,0.615602338335793,0.7093842979918928,0.6753130590339893,0.6480767303552114,0.20824979399961333,0.6332992688860849,0.7426455817835045,0.10934631289741958,0.720554825823554,0.0876401405166949,compas,exposure_adjusted,4,2.135,,,,
